id,popularity,original_title,cast,director,runtime,genres,production_companies,release_date,vote_count,vote_average,release_year,budget_adj,revenue_adj,profit_percentage
23827,1.120442,Paranormal Activity,Katie Featherston|Micah Sloat|Mark Fredrichs|Amber Armstrong|Ashley Palmer,Oren Peli,86,Horror|Mystery,Blumhouse Productions|Solana Films,9/14/07,714,6.1,2007,15775.0287394731,203346220.129588,12889.386666666696
2667,0.934621,The Blair Witch Project,Heather Donahue|Michael C. Williams|Joshua Leonard|Bob Griffith|Jim King,Daniel Myrick|Eduardo SÃ¡nchez,81,Horror|Mystery,Artisan Entertainment|Haxan Films,7/14/99,522,6.3,1999,32726.321164858,324645105.955391,9918.999999999989
985,0.331417,Eraserhead,Jack Nance|Charlotte Stewart|Allen Joseph|Jeanne Bates|Judith Roberts,David Lynch,89,Science Fiction|Fantasy|Horror|Drama,American Film Institute (AFI)|Libra Films,3/19/77,194,7.1,1977,35977.8103257035,25184467.2279924,698.9999999999985
692,0.412913,Pink Flamingos,Divine|David Lochary|Mary Vivian Pearce|Mink Stole|Danny Mills,John Waters,93,Comedy,Dreamland Productions,3/12/72,51,6.3,1972,62574.7311763475,31287365.5881737,498.9999999999992
9372,0.263897,Super Size Me,Morgan Spurlock|Daryl Isaacs|Lisa Ganjhu|Stephen Siegel|Bridget Bennett,Morgan Spurlock,100,Documentary|Comedy|Drama,Kathbur Pictures,1/17/04,295,6.5,2004,75038.9509877896,32988367.3463733,438.6165846153845
299245,0.532205,The Gallows,Cassidy Gifford|Ryan Shoos|Pfeifer Brown|Reese Mishler|Price T. Morgan,Travis Cluff|Chris Lofing,87,Horror|Thriller,New Line Cinema|Blumhouse Productions|Management 360|Tremendum Pictures,7/10/15,247,5.0,2015,91999.9595200178,39251239.9294544,425.6440999999997
83,0.762134,Open Water,Blanchard Ryan|Daniel Travis|Saul Stein|Michael E. Williamson|Christina Zenato,Chris Kentis,79,Drama|Thriller,Plunge Pictures LLC,8/6/04,171,5.3,2004,150077.901975579,63111168.0124421,419.5227230769236
30497,0.906087,The Texas Chain Saw Massacre,Allen Danziger|Paul A. Partain|William Vail|Teri McMinn|Edwin Neal,Tobe Hooper,83,Horror|Thriller,Vortex,10/1/74,249,6.8,1974,375894.130523709,136467258.51566,362.04705882352823
9659,2.012021,Mad Max,Mel Gibson|Joanne Samuel|Hugh Keays-Byrne|Steve Bisley|Tim Burns,George Miller,93,Adventure|Action|Thriller|Science Fiction,Kennedy Miller Productions|Mad Max Films|Crossroads,4/12/79,667,6.5,1979,1201821.60100063,300455400.250159,249.00000000000128
948,1.198849,Halloween,Donald Pleasence|Jamie Lee Curtis|P.J. Soles|Nancy Kyes|Nick Castle,John Carpenter,91,Horror|Thriller,Compass International Pictures|Falcon International Productions,10/25/78,522,7.3,1978,1002810.20847421,233989048.643983,232.333333333334
838,0.684079,American Graffiti,Richard Dreyfuss|Ron Howard|Paul Le Mat|Charles Martin Smith|Cindy Williams,George Lucas,110,Comedy|Drama,Lucasfilm|Universal Pictures|The Coppola Company,8/1/73,145,6.5,1973,3815970.99272706,564783351.56192,147.00514800514802
5723,1.254438,Once,Glen Hansard|MarkÃ©ta IrglovÃ¡|Hugh Walsh|Gerard Hendrick|Alaistair Foley,John Carney,85,Drama|Music|Romance,Summit Entertainment|Samson Films|RTE,3/23/07,305,7.3,2007,168266.973221047,21780595.8522822,128.44070625000023
2292,1.297355,Clerks,Brian O'Halloran|Jeff Anderson|Jason Mewes|Kevin Smith|Lisa Spoonhauer,Kevin Smith,92,Comedy,Miramax Films|View Askew Productions,9/13/94,383,7.2,1994,39720.0121631503,4635663.77509881,115.70851851851859
8193,0.577759,Napoleon Dynamite,Jon Heder|Aaron Ruell|Jon Gries|Efren Ramirez|Shondrella Avery,Jared Hess,95,Comedy,Access Films|Napoleon Pictures Limited|Carnival Films,6/11/04,290,6.6,2004,461778.159924859,53240824.9297404,114.2952425
9687,0.733587,Keeping Mum,Rowan Atkinson|Kristin Scott Thomas|Maggie Smith|Patrick Swayze|Tamsin Egerton,Niall Johnson,103,Comedy,Summit Entertainment,12/2/05,73,6.5,2005,188699.195951609,20728664.7365753,108.85030769230764
12262,0.137351,The Hills Have Eyes,Martin Speer|Russ Grieve|John Steadman|James Whitworth|Virginia Vincent,Wes Craven,89,Horror,Blood Relations Co.,7/22/77,57,6.0,1977,827489.63749118,89944525.8142588,107.69565217391317
4488,1.24642,Friday the 13th,Betsy Palmer|Adrienne King|Harry Crosby|Laurie Bartram|Jeannine Taylor,Sean S. Cunningham,95,Horror,Paramount Pictures|Georgetown Productions Inc.|Sean S. Cunningham Films,5/9/80,282,6.4,1980,1455320.21410671,158112870.402147,107.64472909090887
1366,2.389663,Rocky,Sylvester Stallone|Talia Shire|Burt Young|Carl Weathers|Burgess Meredith,John G. Avildsen,119,Drama,United Artists,11/21/76,963,7.2,1976,4214867.83132405,449209681.628042,105.57740636363636
9461,0.993066,Enter the Dragon,Bruce Lee|Jim Kelly|John Saxon|Ahna Capri|Sek Kin,Robert Clouse,99,Crime|Thriller|Action,Golden Harvest Company|Concord Productions Inc.|Warner Bros.|Sequoia Productions,8/17/73,279,7.0,1973,4174485.64197941,442004362.091937,104.88235294117635
18925,0.206454,Facing the Giants,James Blackwell|Alex Kendrick|Shannen Fields|Chris WIllis|Tracy Goode,Alex Kendrick,111,Drama,Destination Films,9/29/06,41,6.8,2006,108166.915829157,11009586.725583,100.78331000000004
76487,0.491648,The Devil Inside,Fernanda Andrade|Simon Quarterman|Evan Helmuth|Ionut Grama|Suzan Crowley,William Brent Bell,83,Thriller|Horror,Room 101|Prototype,1/6/12,162,4.5,2012,949744.281352245,96644543.9565396,100.75848999999998
42296,0.346071,Catfish,Megan Faccio|Melody C. Roscher|Ariel Schulman|Angela Wesselman-Pierce|Nev Schulman,Henry Joost|Ariel Schulman,87,Documentary,Hit the Ground Running Films,9/17/10,125,6.4,2010,30000.0,3045943.0,100.53143333333334
36685,1.40994699999999,The Rocky Horror Picture Show,Tim Curry|Susan Sarandon|Barry Bostwick|Richard O'Brien|Patricia Quinn,Jim Sharman,100,Comedy|Horror|Music|Science Fiction,20th Century Fox,8/14/75,332,7.1,1975,4862185.40647464,457419488.2874,93.07693250000005
193612,0.667732,The Quiet Ones,Jared Harris|Sam Claflin|Olivia Cooke|Erin Richards|Rory Fleck-Byrne,John Pogue,98,Horror,Hammer Film Productions|Exclusive Media Group|Travelling Picture Show Company,4/1/14,147,5.1,2014,184218.210154291,16427536.3853992,88.17433500000028
176,1.309753,Saw,Cary Elwes|Danny Glover|Monica Potter|Michael Emerson|Ken Leung,James Wan,103,Horror|Mystery|Crime,Twisted Pictures|Evolution Entertainment|Saw Productions Inc.,10/1/04,1135,7.1,2004,1385334.47977457,119960348.263852,85.59305750000006
923,1.210531,Dawn of the Dead,David Emge|Ken Foree|Scott H. Reiniger|Gaylen Ross|David Crawford,George A. Romero,127,Horror,Laurel Group|Dawn Associates,9/2/78,306,7.2,1978,2172755.45169413,183848538.220272,83.61538461538437
764,1.021218,The Evil Dead,Bruce Campbell|Ellen Sandweiss|Richard DeManincor|Betsy Baker|Theresa Tilly,Sam Raimi,85,Horror,Renaissance Pictures,10/15/81,426,7.2,1981,839366.781699885,70506809.6627903,82.99999999999996
150,1.161942,48 Hrs.,Nick Nolte|Eddie Murphy|Annette O'Toole|Frank McRae|James Remar,Walter Hill,96,Thriller|Action|Comedy|Crime|Drama,Paramount Pictures,12/7/82,171,6.1,1982,2259642.40255122,178214624.90275,77.86850799999995
601,2.900556,E.T. the Extra-Terrestrial,Henry Thomas|Drew Barrymore|Robert MacNaughton|Dee Wallace|Peter Coyote,Steven Spielberg,115,Science Fiction|Adventure|Family|Fantasy,Universal Pictures|Amblin Entertainment,4/3/82,1830,7.2,1982,23726245.2267878,1791694309.24878,74.51529085714293
8346,1.271588,My Big Fat Greek Wedding,Nia Vardalos|John Corbett|Lainie Kazan|Michael Constantine|Andrea Martin,Joel Zwick,95,Comedy|Drama|Romance,MPH Entertainment|Playtone Productions|Gold Circle Films,2/22/02,395,6.1,2002,6061306.96810273,447014168.668716,72.7488088
9427,1.412516,The Full Monty,Robert Carlyle|Mark Addy|William Snape|Steve Huison|Tom Wilkinson,Peter Cattaneo,91,Comedy,Channel Four Films|Twentieth Century Fox Film Corporation|Redwave Films,8/13/97,163,6.4,1997,4754611.12375233,350279159.520599,72.67146342857149
11,12.037933,Star Wars,Mark Hamill|Harrison Ford|Carrie Fisher|Peter Cushing|Alec Guinness,George Lucas,121,Adventure|Action|Science Fiction,Lucasfilm|Twentieth Century Fox Film Corporation,3/20/77,4428,7.9,1977,39575591.3582738,2789712242.27745,69.49072790909096
11009,0.602862,Saturday Night Fever,John Travolta|Karen Lynn Gorney|Barry Miller|Joseph Cali|Paul Pape,John Badham,118,Drama|Music,Paramount Pictures|Robert Stigwood Organization (RSO),12/16/77,192,6.3,1977,12592233.6139962,853081315.967563,66.74662400000011
578,2.563191,Jaws,Roy Scheider|Robert Shaw|Richard Dreyfuss|Lorraine Gary|Murray Hamilton,Steven Spielberg,124,Horror|Thriller|Adventure,Universal Pictures|Zanuck/Brown Productions,6/18/75,1415,7.3,1975,28362748.2044354,1907005841.91576,66.23628571428563
14438,0.280555,Fireproof,Kirk Cameron|Erin Bethea|Ken Bevel|Stephen Dervan|Eric Young,Alex Kendrick,122,Drama,Carmel Entertainment|Provident Films|Samuel Goldwyn Films|Affirm Films|Sherwood Pictures,9/26/08,54,7.5,2008,506393.316904583,33884110.6740824,65.91263400000004
9671,0.680643,Crocodile Dundee,Paul Hogan|Linda Kozlowski|Mark Blum|David Gulpilil|Michael Lombard,Peter Faiman,97,Adventure|Comedy,Paramount Pictures|Rimfire Films,9/26/86,248,6.2,1986,9947032.05431079,652930158.903837,64.64070120000002
49018,1.396973,Insidious,Patrick Wilson|Rose Byrne|Barbara Hershey|Leigh Whannell|Angus Sampson,James Wan,103,Horror|Thriller,Alliance Films|IM Global|Stage 6 Films|Haunted Movies,9/13/10,999,6.7,2010,1500000.0,97009150.0,63.67276666666667
277685,1.191138,Unfriended,Shelley Hennig|Moses Jacob Storm|Renee Olstead|William Peltz|Jacob Wysocki,Levan Gabriadze,82,Horror|Thriller,Bazelevs Production|Blumhouse Productions,4/17/15,643,5.6,2015,919999.595200178,57851497.3453411,61.882089999999934
9062,0.396028,Love Story,Ali MacGraw|Ryan O'Neal|John Marley|Ray Milland|Russell Nype,Arthur Hiller,99,Drama|Romance,Paramount Pictures,12/16/70,56,6.6,1970,12356010.3565832,766072642.10816,61.00000000000013
11319,1.719385,The Rescuers,Bob Newhart|Eva Gabor|Geraldine Page|Joe Flynn|Jeanette Nolan,John Lounsbery|Wolfgang Reitherman|Art Stevens,78,Fantasy|Family|Animation|Adventure,Walt Disney Productions,6/22/77,332,6.6,1977,4317337.23908442,256219102.706214,58.346557499999825
41436,0.875432,Paranormal Activity 2,Katie Featherston|David Bierend|Brian Boland|Molly Ephraim|Seth Ginsberg,Tod Williams,91,Horror|Thriller,Paramount Pictures|Blumhouse Productions|Solana Films,10/20/10,421,5.7,2010,3000000.0,177512032.0,58.17067733333333
11951,0.275523,Vanishing Point,Barry Newman|Cleavon Little|Dean Jagger|Victoria Medlin|Gilda Texter,Richard C. Sarafian,99,Action|Thriller|Drama,Twentieth Century Fox Film Corporation|Cupid Productions,1/15/71,48,7.1,1971,7000753.38876852,389168143.556371,54.5894661538461
9552,2.010733,The Exorcist,Linda Blair|Max von Sydow|Ellen Burstyn|Jason Miller|Lee J. Cobb,William Friedkin,122,Drama|Horror|Thriller,Warner Bros.|Hoya Productions,12/26/73,1113,7.2,1973,39289276.6303944,2167324901.19974,54.163268124999924
646,3.170651,Dr. No,Sean Connery|Ursula Andress|Joseph Wiseman|Jack Lord|Bernard Lee,Terence Young,110,Adventure|Action|Thriller,Eon Productions|Metro-Goldwyn-Mayer (MGM),10/4/62,560,6.7,1962,7929293.766638,429623553.174204,53.18181818181814
12230,2.631987,One Hundred and One Dalmatians,Rod Taylor|J. Pat O'Malley|Betty Lou Gerson|Martha Wentworth|Ben Wright,Clyde Geronimi|Hamilton Luske|Wolfgang Reitherman,79,Adventure|Animation|Comedy|Family,Walt Disney Productions,1/25/61,913,6.6,1961,29179444.8318826,1574814739.70476,52.97000349999997
473,1.011829,Pi,Sean Gullette|Mark Margolis|Ben Shenkman|Pamela Hart|Stephen Pearlman,Darren Aronofsky,84,Mystery|Drama|Thriller,Truth and Soul Pictures Inc|Protozoa Pictures|Harvest Filmworks|Plantain Films,7/10/98,286,6.9,1998,80261.7281446979,4308920.4356125,52.685866666666676
8469,1.15793,Animal House,John Belushi|Tim Matheson|John Vernon|Verna Bloom|Tom Hulce,John Landis,109,Comedy,Universal Pictures|Oregon Film Factory|Stage III Productions,7/27/78,230,6.7,1978,9025291.87626792,471320797.98288,51.2222222222222
2108,2.834739,The Breakfast Club,Emilio Estevez|Anthony Michael Hall|Judd Nelson|Molly Ringwald|Paul Gleason,John Hughes,97,Comedy|Drama,Universal Pictures|Channel Productions|A&M Films,2/15/85,1139,7.6,1985,2027166.05226642,104450077.488422,50.52517099999989
9325,2.550704,The Jungle Book,Phil Harris|Sebastian Cabot|Louis Prima|George Sanders|Sterling Holloway,Wolfgang Reitherman,78,Family|Animation|Adventure,Walt Disney Pictures,10/18/67,928,7.0,1967,26147054.9591484,1345551058.9884,50.46090299999982
1642,1.13661,The Net,Sandra Bullock|Jeremy Northam|Dennis Miller|Wendy Gazelle|Ken Howard,Irwin Winkler,114,Crime|Drama|Mystery|Thriller|Action,Columbia Pictures,7/28/95,201,5.6,1995,31481271.0763532,1583049536.35242,49.2854389999999
2255,1.212565,Chasing Amy,Ben Affleck|Joey Lauren Adams|Jason Lee|Dwight Ewell|Kevin Smith,Kevin Smith,113,Comedy|Drama|Romance,Miramax Films|View Askew Productions,4/4/97,227,6.7,1997,339615.080268024,16330421.020815,47.085088000000006
1781,0.251388,An Inconvenient Truth,Al Gore|Billy West|Ronald Reagan|George W. Bush|George H. W. Bush,Davis Guggenheim,100,Documentary,Lawrence Bender Productions|Participant Media,1/24/06,130,6.5,2006,1081669.15829157,50019626.8868772,45.24300000000012
11072,0.577802,Blazing Saddles,Cleavon Little|Gene Wilder|Harvey Korman|Slim Pickens|Madeline Kahn,Mel Brooks,93,Comedy|Western,Crossbow Productions,2/7/74,334,7.0,1974,11497938.1101369,528462924.677449,44.96153846153872
712,1.23287099999999,Four Weddings and a Funeral,Hugh Grant|Andie MacDowell|James Fleet|Simon Callow|John Hannah,Mike Newell,117,Comedy|Drama|Romance,Channel Four Films|PolyGram Filmed Entertainment|Working Title Films,3/9/94,319,6.5,1994,8826669.36958897,374693338.703871,41.45013866666667
72571,0.760193,Paranormal Activity 3,Katie Featherston|Sprague Grayden|Lauren Bittner|Christopher Nicholas Smith|Chloe Csengery,Henry Joost|Ariel Schulman,83,Horror,Paramount Pictures|Blumhouse Productions|Room 101|Solana Films,10/19/11,406,6.0,2011,4846990.21295736,199408878.522792,40.14076359999992
238,5.738034,The Godfather,Marlon Brando|Al Pacino|James Caan|Richard S. Castellano|Robert Duvall,Francis Ford Coppola,175,Drama|Crime,Paramount Pictures|Alfran Productions,3/15/72,3970,8.3,1972,31287365.5881737,1277913732.38977,39.84440183333327
9638,0.794667,Phantasm,Angus Scrimm|A. Michael Baldwin|Bill Thornbury|Reggie Bannister|Kathy Lester,Don Coscarelli,89,Horror|Science Fiction,New Breed Productions,3/28/79,50,6.1,1979,901366.200750477,36020002.5178162,38.961563333333295
539,2.610362,Psycho,Anthony Perkins|Vera Miles|John Gavin|Janet Leigh|Martin Balsam,Alfred Hitchcock,109,Drama|Horror|Thriller,Shamley Productions,8/14/60,1180,8.0,1960,5949601.34364958,235934958.630279,38.65559119051038
9494,1.274285,Look Who's Talking,John Travolta|Kirstie Alley|Olympia Dukakis|George Segal|Bruce Willis,Amy Heckerling,93,Comedy|Romance,TriStar Pictures|Management Company Entertainment Group (MCEG),10/12/89,278,5.7,1989,13192387.0428244,520659541.956803,38.46666666666667
250546,1.018115,Annabelle,Annabelle Wallis|Alfre Woodard|Eric Ladin|Tony Amendola|Gabriel Bateman,John R. Leonetti,99,Horror,New Line Cinema|The Safran Company|Evergreen Media Group|RatPac-Dune Entertainment,10/2/14,827,5.6,2014,5987091.83001448,235130424.650607,38.27289430769234
215,1.107734,Saw II,Tobin Bell|Shawnee Smith|Donnie Wahlberg|Franky G|Glenn Plummer,Darren Lynn Bousman,92,Horror,Lions Gate Films|Got Films|Twisted Pictures|Evolution Entertainment|Saw 2 Productions,10/28/05,617,6.2,2005,4466253.15861797,170750544.910799,37.23127324999996
38358,0.761889,The Last Exorcism,Ashley Bell|Patrick Fabian|Iris Bahr|Louis Herthum|Caleb Landry Jones,Daniel Stamm,87,Horror|Drama|Thriller,Strike Entertainment|StudioCanal|Arcade Pictures,8/27/10,179,5.4,2010,1800000.0,67738090.0,36.63227222222222
510,3.258151,One Flew Over the Cuckoo's Nest,Jack Nicholson|Louise Fletcher|Danny DeVito|William Redfield|Scatman Crothers,MiloÅ¡ Forman,133,Drama,Fantasy Films|Warner Bros.,11/18/75,1612,8.0,1975,12155463.5161866,441572637.403333,35.327091666666675
29047,0.017708,The Kid Stays in the Picture,Robert Evans|Eddie Albert|Francis Ford Coppola|Catherine Deneuve,Nanette Burstein|Brett Morgen,93,Documentary,Ministry of Propaganda Films|Woodland Pictures LLC|Highway Films,1/18/02,10,7.4,2002,48490.4557448218,1738911.38441948,34.8609
658,3.153791,Goldfinger,Sean Connery|Honor Blackman|Gert FrÃ¶be|Shirley Eaton|Tania Mallet,Guy Hamilton,110,Adventure|Action|Thriller,Eon Productions|Metro-Goldwyn-Mayer (MGM),9/17/64,602,7.0,1964,24605935.9359851,878080399.544157,34.68571428571441
88,1.945847,Dirty Dancing,Jennifer Grey|Patrick Swayze|Jerry Orbach|Cynthia Rhodes|Jack Weston,Emile Ardolino,100,Drama|Music|Romance,Great American Films Limited Partnership|Vestron Pictures,8/21/87,654,6.9,1987,11514482.6283879,410595461.873724,34.65904566666665
18498,0.177006,Ghoulies,Peter Liapis|Lisa Pelikan|Jack Nance|Mariska Hargitay|Michael Des Barres,Luca Bercovici,81,Comedy|Horror|Fantasy,Empire Pictures,11/8/84,22,3.6,1984,2099042.03919415,73466471.3717953,34.00000000000002
37247,2.22723,The Graduate,Anne Bancroft|Dustin Hoffman|Katharine Ross|Murray Hamilton|Buck Henry,Mike Nichols,106,Comedy|Drama|Romance,Embassy Pictures Corporation|Lawrence Turman,12/21/67,426,7.5,1967,19610291.2193613,682419190.892457,33.799034000000084
72213,0.487945,Courageous,Alex Kendrick|Ken Bevel|Ben Davies|Kevin Downes|Rusty Martin,Alex Kendrick,129,Drama,TriStar Pictures|Provident Films|Affirm Films|Sherwood Pictures|Alabama Production Group,9/30/11,51,6.7,2011,969398.042591472,33465773.4633102,33.52222099999999
30315,0.164123,Kingdom of the Spiders,William Shatner|Tiffany Bolling|Woody Strode|Lieux Dressler|David McLean,John 'Bud' Cardos,97,Horror|Science Fiction,Arachnid Productions Ltd.,8/24/77,16,5.7,1977,1798890.51628517,61162277.5536959,33.000000000000064
114,2.212092,Pretty Woman,Julia Roberts|Richard Gere|Ralph Bellamy|Jason Alexander|HÃ©ctor Elizondo,Garry Marshall,119,Romance|Comedy,Touchstone Pictures|Silver Screen Partners IV,3/23/90,963,6.9,1990,23364579.5644041,772700024.16565,32.07142857142858
657,2.508235,From Russia With Love,Sean Connery|Daniela Bianchi|Lotte Lenya|Robert Shaw|Bernard Lee,Terence Young,115,Action|Thriller|Adventure,Eon Productions|Metro-Goldwyn-Mayer (MGM)|Danjaq,10/11/63,458,6.7,1963,17800448.4288968,561773358.994459,30.559505999999995
10246,0.473893,Porky's,Dan Monahan|Mark Herrier|Wyatt Knight|Cyril O'Reilly|Tony Ganios,Bob Clark,94,Comedy,Melvin Simon Productions|Astral Bellevue PathÃ©,11/13/81,75,6.0,1981,9592763.21942726,301520352.246265,30.432064499999967
7326,2.148164,Juno,Ellen Page|Michael Cera|Jennifer Garner|Jason Bateman|Allison Janney,Jason Reitman,96,Comedy|Drama|Romance,Fox Searchlight Pictures|Mandate Pictures,12/5/07,1329,6.9,2007,7887514.36973659,243368292.5498,29.854877866666566
3034,1.049959,Young Frankenstein,Gene Wilder|Peter Boyle|Marty Feldman|Madeline Kahn|Cloris Leachman,Mel Brooks,106,Comedy|Science Fiction,Crossbow Productions|Gruskoff/Venture Films|Jouer Limited,12/15/74,445,7.5,1974,12382394.8878398,381525170.534322,29.811904642857172
621,1.697618,Grease,John Travolta|Olivia Newton-John|Stockard Channing|Jeff Conaway|Didi Conn,Randal Kleiser,110,Music,Paramount Pictures|Robert Stigwood Organization (RSO),7/7/78,786,7.0,1978,20056204.1694842,607749015.323942,29.30229500000008
270654,0.318941,Parts Per Billion,Josh Hartnett|Teresa Palmer|Alexis Bledel|Rosario Dawson|Penn Badgley,Brian Horiuchi,139,Science Fiction,Benaroya Pictures|XYZ Films|PalmStar Entertainment|Miscellaneous Entertainment|Traverse Media,3/25/14,14,4.8,2014,460545.525385729,13816365.7615718,28.99999999999985
153,1.765322,Lost in Translation,Bill Murray|Scarlett Johansson|Anna Faris|Giovanni Ribisi|Akiko Takeshita,Sofia Coppola,102,Drama,American Zoetrope,8/31/03,1135,7.3,2003,4741410.57913011,141914989.353162,28.930963999999896
1891,5.488441,The Empire Strikes Back,Mark Hamill|Harrison Ford|Carrie Fisher|Billy Dee Williams|Anthony Daniels,Irvin Kershner,124,Adventure|Action|Science Fiction,Lucasfilm|Twentieth Century Fox Film Corporation,1/1/80,3954,8.0,1980,47628661.5525832,1424626187.77282,28.91111111111107
158015,2.811403,The Purge,Lena Headey|Ethan Hawke|Max Burkholder|Adelaide Kane|Rhys Wakefield,James DeMonaco,86,Science Fiction|Horror|Thriller,Universal Pictures|Why Not Productions|Platinum Dunes|Blumhouse Productions|20th Century Fox Russia,5/31/13,1522,5.8,2013,2808100.05822127,83614574.2265088,28.776209000000037
9277,0.863155999999999,The Sting,Paul Newman|Robert Redford|Robert Shaw|Charles Durning|Ray Walston,George Roy Hill,129,Comedy|Crime|Drama,Universal Pictures,12/25/73,304,7.7,1973,27011377.6833962,783901253.278813,28.02115036363637
1367,1.049233,Rocky II,Sylvester Stallone|Talia Shire|Burt Young|Carl Weathers|Burgess Meredith,Sylvester Stallone,119,Drama,United Artists,6/15/79,504,6.8,1979,21031878.0175111,601458110.057414,27.597451428571485
82990,0.557661,Paranormal Activity 4,Katie Featherston|Kathryn Newton|Matt Shively|Brady Allen|Sprague Grayden,Henry Joost|Ariel Schulman,95,Horror,Paramount Pictures|Blumhouse Productions|Room 101|Solana Films,10/17/12,352,5.3,2012,4748721.40676122,135640571.17621,27.563598399999886
9885,0.699883,Wolf Creek,John Jarratt|Cassandra Magrath|Kestie Morassi|Nathan Phillips|Andy McPhee,Greg McLean,99,Horror|Thriller,Australian Film Finance Corporation|South Australian Film Corporation|403 Productions|True Crime Channel,1/1/05,126,5.8,2005,1116563.28965449,30998753.5803997,26.762648000000045
45269,1.385499,The King's Speech,Colin Firth|Geoffrey Rush|Helena Bonham Carter|Guy Pearce|Timothy Spall,Tom Hooper,118,Drama|History,The Weinstein Company|UK Film Council|Bedlam Productions|See-Saw Films|Aegis Film Fund,9/6/10,1688,7.4,2010,15000000.0,414211549.0,26.614103266666667
19610,0.155768,A Star Is Born,Barbra Streisand|Kris Kristofferson|Gary Busey|Oliver Clark|Venetta Fields,Frank Pierson,139,Drama|Music|Romance,Barwood Films|Warner Bros.,12/16/76,14,5.7,1976,22990188.1708584,616903382.584702,25.833333333333403
680,8.09375399999999,Pulp Fiction,John Travolta|Samuel L. Jackson|Uma Thurman|Bruce Willis|Ving Rhames,Quentin Tarantino,154,Thriller|Crime,Miramax Films|A Band Apart|Jersey Films,10/14/94,5343,8.1,1994,11768892.4927853,314713075.136581,25.74109524999995
288158,0.590256999999999,The Woman in Black 2: Angel of Death,Helen McCrory|Jeremy Irvine|Phoebe Fox|Ned Dennehy|Adrian Rawlins,Tom Harper,90,Thriller|Horror|Drama,Vertigo Entertainment|Hammer Film Productions|Alliance Films|Talisman Productions|Exclusive Media Group,12/30/14,270,4.9,2014,921091.050771459,24410131.4489038,25.50132299999996
771,0.142486,Home Alone,Macaulay Culkin|Joe Pesci|Daniel Stern|John Heard|Catherine O'Hara,Chris Columbus,103,Comedy|Family,Twentieth Century Fox Film Corporation|Hughes Entertainment,11/9/90,1393,7.0,1990,30040173.7256624,795538358.29783,25.482481944444483
968,0.277357,Dog Day Afternoon,Al Pacino|John Cazale|Charles Durning|Chris Sarandon|James Broderick,Sidney Lumet,125,Crime|Drama|Thriller,Artists Entertainment Complex|Warner Bros.,8/11/75,312,7.2,1975,7293278.10971197,189081703.353206,24.92547555555554
82507,1.3743,Sinister,Ethan Hawke|Vincent D'Onofrio|James Ransone|Fred Dalton Thompson|Clare Foley,Scott Derrickson,110,Horror|Thriller|Mystery,Alliance Films|Blumhouse Productions|IM Global|Automatik Entertainment|Possessed Pictures,3/29/12,914,6.7,2012,2849232.84405673,73806944.5301852,24.904146333333383
308639,1.40805,Dope,Shameik Moore|Kiersey Clemons|Tony Revolori|ZoÃ« Kravitz|Chanel Iman,Rick Famuyiwa,103,Crime|Drama|Comedy,Forest Whitaker's Significant Productions|Revolt Films|IamOTHER Entertainment,6/19/15,448,7.3,2015,643999.716640124,16547831.2389542,24.69540142857137
84355,0.524527,Your Sister's Sister,Mark Duplass|Emily Blunt|Rosemarie DeWitt|Mike Birbiglia|Kate Bayley,Lynn Shelton,90,Drama|Comedy,Ada Films,9/11/11,96,6.3,2011,121174.755323934,3102073.73629271,24.599999999999998
222935,2.293859,The Fault in Our Stars,Shailene Woodley|Ansel Elgort|Nat Wolff|Laura Dern|Sam Trammell,Josh Boone,125,Romance|Drama,Fox 2000 Pictures|Temple Hill Entertainment|TSG Entertainment,5/16/14,2389,7.8,2014,11053092.6092575,281072099.32309,24.429272083333355
44214,5.29318,Black Swan,Natalie Portman|Mila Kunis|Vincent Cassel|Barbara Hershey|Winona Ryder,Darren Aronofsky,108,Drama|Mystery|Thriller,Fox Searchlight Pictures|Dune Entertainment|Protozoa Pictures|Cross Creek Pictures,12/2/10,2597,7.1,2010,13000000.0,327803731.0,24.215671615384615
12405,1.929591,Slumdog Millionaire,Dev Patel|Freida Pinto|Anil Kapoor|Mia Drake Inderbitzin|Saurabh Shukla,Danny Boyle|Loveleen Tandan,120,Drama|Romance,Celador Films|Warner Bros.|Film4,5/12/08,1547,7.5,2008,15191799.5071375,382742747.738751,24.19403626666667
40229,0.089401,The House on Sorority Row,Kate McNeil|Eileen Davidson|Janis Ward|Robin Meloy|Harley Jane Kozak,Mark Rosman,91,Horror|Mystery|Thriller,VAE Productions,1/21/83,11,5.5,1983,930457.599047211,23217623.0858571,23.95290823529407
12498,0.455716,Sling Blade,Billy Bob Thornton|Dwight Yoakam|J. T. Walsh|John Ritter|Lucas Black,Billy Bob Thornton,135,Drama,Miramax Films,8/30/96,87,6.9,1996,1390216.73896025,34026133.0162156,23.475416000000052
138843,3.472358,The Conjuring,Patrick Wilson|Vera Farmiga|Ron Livingston|Lili Taylor|Joey King,James Wan,112,Horror|Thriller,New Line Cinema|The Safran Company|Evergreen Media Group,7/18/13,1910,7.4,2013,12168433.5856255,297658738.152157,23.46154930769229
139038,0.892454999999999,A Haunted House,Marlon Wayans|Essence Atkins|Nick Swardson|Cedric the Entertainer|David Koechner,Michael Tiddes,86,Comedy|Horror,Endgame Entertainment|Wayans Bros. Entertainment|IM Global|Open Road Films,1/11/13,345,5.5,2013,2340083.38185106,56294621.1779418,23.056673200000017
77930,1.974672,Magic Mike,Channing Tatum|Matthew McConaughey|Olivia Munn|Cody Horn|Alex Pettyfer,Steven Soderbergh,110,Drama|Comedy,Nick Wechsler Productions|Extension 765,6/28/12,664,6.1,2012,6648209.96946572,158817730.775988,22.888795857142778
813,1.636256,Airplane!,Robert Hays|Julie Hagerty|Kareem Abdul-Jabbar|Lloyd Bridges|Peter Graves,Jim Abrahams|David Zucker|Jerry Zucker,88,Comedy|Romance,Paramount Pictures,7/2/80,618,7.0,1980,9261128.63522451,220821131.35535,22.84386828571427
744,1.469796,Top Gun,Tom Cruise|Kelly McGillis|Val Kilmer|Anthony Edwards|Tom Skerritt,Tony Scott,110,Drama|Action|Romance,Paramount Pictures,5/16/86,1046,6.6,1986,29841096.1629323,709881085.221197,22.7887067333334
14,3.55571999999999,American Beauty,Kevin Spacey|Annette Bening|Thora Birch|Wes Bentley|Mena Suvari,Sam Mendes,122,Drama,DreamWorks SKG|Jinks/Cohen Company,9/15/99,1756,7.7,1999,19635792.6989148,466411079.770931,22.75310673333335
651,0.717333,MASH,Donald Sutherland|Elliott Gould|Tom Skerritt|Sally Kellerman|Robert Duvall,Robert Altman,116,Comedy|Drama|War,Twentieth Century Fox Film Corporation|Aspen Productions (I)|Ingo Preminger Productions,1/24/70,126,6.8,1970,19657289.2036551,458295656.862359,22.314285714285717
535,0.343668,Flashdance,Jennifer Beals|Michael Nouri|Lilia Skala|Kyle T. Heffner|Sunny Johnson,Adrian Lyne,95,Drama|Music|Romance,Paramount Pictures,4/14/83,149,6.1,1983,8757247.99103257,203433504.57402,22.23030075000001
253,1.549139,Live and Let Die,Roger Moore|Yaphet Kotto|Jane Seymour|Clifton James|Julius Harris,Guy Hamilton,121,Adventure|Action|Thriller,Eon Productions|Metro-Goldwyn-Mayer (MGM),7/5/73,293,6.1,1973,34378117.0515951,794516768.908823,22.111119428571453
792,1.522478,Platoon,Tom Berenger|Charlie Sheen|Willem Dafoe|Forest Whitaker|John C. McGinley,Oliver Stone,120,Drama|War|Action,Orion Pictures|Hemdale Film Corporation,12/18/86,650,7.3,1986,11936438.4651729,275593594.111357,22.0884275000001
10669,0.949381,Deliverance,Jon Voight|Burt Reynolds|Ned Beatty|Ronny Cox|Ed Ramey,John Boorman,109,Drama|Adventure|Thriller,Warner Bros.|Elmer Enterprises,7/30/72,209,7.0,1972,10429121.8627245,240507830.445422,22.06117750000016
251,1.513223,Ghost,Patrick Swayze|Demi Moore|Tony Goldwyn|Whoopi Goldberg|Vincent Schiavelli,Jerry Zucker,127,Fantasy|Drama|Thriller|Mystery|Romance,Paramount Pictures,7/12/90,714,6.7,1990,36715767.8869207,842793762.858863,21.954545454545496
10998,0.865812999999999,Fatal Attraction,Michael Douglas|Glenn Close|Anne Archer|Ellen Hamilton Latzen|Jane Krakowski,Adrian Lyne,119,Horror|Drama|Romance|Thriller,Paramount Pictures,9/11/87,131,6.4,1987,26867126.1329051,614385336.766952,21.867549500000038
1051,0.604241,The French Connection,Gene Hackman|Fernando Rey|Roy Scheider|Tony Lo Bianco|Marcel Bozzuffi,William Friedkin,104,Action|Crime|Thriller,D'Antoni Productions|Schine-Moore Productions,10/9/71,201,7.0,1971,9693350.84598719,221647928.880961,21.86597611111103
10161,0.337545,My Left Foot: The Story of Christy Brown,Daniel Day-Lewis|Brenda Fricker|Alison Whelan|Declan Croghan|Eanna MacLiam,Jim Sheridan,103,Drama,Ferndale Films|Granada Television|Radio TelefÃ­s Ã‰ireann (RTÃ‰),7/21/89,94,7.3,1989,1134861.90297192,25933402.7194258,21.851593353792822
323272,0.731022,War Room,Priscilla C. Shirer|T.C. Stallings|Karen Abercrombie|Beth Moore|Michael Jr.,Alex Kendrick,120,Drama,Provident Films|Affirm Films|Kendrick Brothers Productions,8/28/15,57,6.9,2015,2759998.78560053,62366880.1985727,21.5967056666667
489,2.202087,Good Will Hunting,Robin Williams|Matt Damon|Ben Affleck|Stellan SkarsgÃ¥rd|Minnie Driver,Gus Van Sant,126,Drama,Miramax Films|Lawrence Bender Productions|Be Gentlemen Limited Partnership,12/5/97,1592,7.7,1997,13584603.2107209,306921606.651021,21.59334350000006
10218,0.802896,Swingers,Jon Favreau|Vince Vaughn|Ron Livingston|Patrick Van Horn|Alex DÃ©sert,Doug Liman,94,Comedy|Romance,Miramax Films|Independent Pictures (II)|The Alfred Shay Company Inc.,10/18/96,129,6.9,1996,278043.34779205,6264208.18884926,21.529610000000048
25188,0.369308,The Last Picture Show,Timothy Bottoms|Jeff Bridges|Cybill Shepherd|Ben Johnson|Cloris Leachman,Peter Bogdanovich,118,Drama,Columbia Pictures Corporation|BBS Productions,10/3/71,42,7.0,1971,7000753.38876852,156886883.442302,21.409999999999922
71,1.211626,Billy Elliot,Jamie Bell|Julie Walters|Jean Heywood|Jamie Draven|Gary Lewis,Stephen Daldry,110,Drama|Comedy|Music,BBC Films|Tiger Aspect Productions|StudioCanal|Arts Council of England|Working Title Films,5/18/00,359,7.1,2000,6331460.57171569,139292132.577745,20.99999999999997
455,1.496493,Bend It Like Beckham,Parminder Nagra|Keira Knightley|Jonathan Rhys Meyers|Anupam Kher|Shaheen Khan,Gurinder Chadha,112,Comedy|Drama|Romance,Fox Searchlight Pictures|Kintop Pictures|FilmfÃ¶rderung Hamburg|UK Film Council,4/11/02,309,6.0,2002,4243107.6272335,92833330.0602275,20.87861779993422
794,0.999413,The Omen,Gregory Peck|Lee Remick|David Warner|Billie Whitelaw|Harvey Stephens,Richard Donner,111,Horror|Thriller,Twentieth Century Fox Film Corporation|Mace Neufeld Productions|Twentieth Century-Fox Productions,6/6/76,203,6.9,1976,10728754.4797339,233438462.354907,20.75820714285717
103,2.582657,Taxi Driver,Robert De Niro|Cybill Shepherd|Harvey Keitel|Jodie Foster|Peter Boyle,Martin Scorsese,113,Crime|Drama,Columbia Pictures Corporation|Italo/Judeo Productions|Bill/Phillips,2/8/76,1269,7.8,1976,4981207.43701933,108293649.075468,20.740441538461422
85,4.5783,Raiders of the Lost Ark,Harrison Ford|Karen Allen|Paul Freeman|Ronald Lacey|John Rhys-Davies,Steven Spielberg,115,Adventure|Action,Lucasfilm|Paramount Pictures,6/12/81,2506,7.5,1981,43167434.4874226,935116878.227065,20.662553944444475
2105,1.825695,American Pie,Jason Biggs|Chris Klein|Thomas Ian Nicholas|Alyson Hannigan|Shannon Elizabeth,Paul Weitz|Chris Weitz,95,Comedy|Romance,Universal Pictures|Summit Entertainment|Newmarket Capital Group|Zide-Perry Productions,7/9/99,1405,6.4,1999,14399581.3125375,308259696.710782,20.407545818181873
790,0.659181999999999,The Fog,Adrienne Barbeau|Jamie Lee Curtis|Janet Leigh|John Houseman|Tom Atkins,John Carpenter,89,Horror,AVCO Embassy Pictures|EDI|Debra Hill Productions,2/8/80,128,6.2,1980,2646036.75292129,56567928.9232191,20.37836099999998
90,2.108338,Beverly Hills Cop,Eddie Murphy|Judge Reinhold|John Ashton|Ronny Cox|Paul Reiser,Martin Brest,105,Action|Comedy|Crime,Paramount Pictures|Eddie Murphy Productions,11/30/84,535,6.5,1984,31485630.5879122,664053942.861556,20.09069853333337
38568,0.275607,Howl,James Franco|Jon Hamm|Mary-Louise Parker|Treat Williams|Jeff Daniels,Rob Epstein|Jeffrey Friedman,84,Drama,RabbitBandini Productions|Werc Werk Works,8/26/10,45,6.8,2010,30000.0,617000.0,19.566666666666666
242512,3.489314,Ouija,Olivia Cooke|Ana Coto|Daren Kagasoff|Bianca A. Santos|Douglas Smith,Stiles White,89,Horror,Universal Pictures|Platinum Dunes|Media Rights Capital|Hasbro|Blumhouse Productions,10/24/14,569,4.9,2014,4605455.25385729,94439261.8744755,19.505955800000027
615,0.672946,The Passion of the Christ,Jim Caviezel|Maia Morgenstern|Christo Jivkov|Francesco De Vito|Monica Bellucci,Mel Gibson,127,Drama,Icon Productions,2/25/04,457,6.8,2004,34633361.9943644,706404470.566721,19.39664733333334
11547,0.505814,Cabin Fever,Rider Strong|Jordan Ladd|James DeBello|Cerina Vincent|Joey Kern,Eli Roth,93,Horror,Tonic Films|Down Home Entertainment|Cabin Pictures|Black Sky Entertainment|Deer Path Films,8/15/03,142,5.3,2003,1778028.96717379,36216546.3849826,19.36892933333334
10134,0.914399,Cyborg,Jean-Claude Van Damme|Deborah Richter|Vincent Klyn|Alex Daniels|Ralf Moeller,Albert Pyun,86,Action|Science Fiction,Cannon Group|Golan-Globus,4/7/89,73,4.8,1989,879492.469521628,17882648.2644007,19.33291799999993
475,1.022408,Bonnie and Clyde,Warren Beatty|Faye Dunaway|Michael J. Pollard|Gene Wilder|Gene Hackman,Arthur Penn,111,Crime|Drama,Tatira-Hiller Productions|Warner Brothers/Seven Arts,7/18/67,153,7.6,1967,16341909.3494678,331413921.607207,19.279999999999998
105,6.095293,Back to the Future,Michael J. Fox|Christopher Lloyd|Lea Thompson|Crispin Glover|Thomas F. Wilson,Robert Zemeckis,116,Adventure|Comedy|Science Fiction|Family,Universal Pictures|Amblin Entertainment|U-Drive Productions,7/3/85,3785,7.8,1985,38516154.993062,772572771.713735,19.058408526315784
772,3.822939,Home Alone 2: Lost In New York,Macaulay Culkin|Joe Pesci|Catherine O'Hara|Daniel Stern|John Heard,Chris Columbus,120,Comedy|Family|Adventure|Crime,Twentieth Century Fox Film Corporation|Hughes Entertainment,11/19/92,1426,6.2,1992,27972436.5826012,557881779.469661,18.943982277777774
15121,1.313676,The Sound of Music,Julie Andrews|Christopher Plummer|Eleanor Parker|Richard Haydn|Peggy Wood,Robert Wise,174,Drama|Family|Music|Romance,Robert Wise Productions|Argyle Enterprises,3/2/65,620,7.2,1965,56748622.2887826,1129534861.99357,18.90418121951206
1777,0.80542,Fahrenheit 9/11,Michael Moore|George W. Bush|Ben Affleck|Stevie Wonder|Al Gore,Michael Moore,122,Documentary,BIM Distribuzione|Fellowship Adventure Group,6/25/04,198,6.6,2004,6926672.39887289,137511206.201495,18.852419499999865
298312,1.495112,The Visit,Olivia DeJonge|Ed Oxenbould|Kathryn Hahn|Benjamin Kanes|Deanna Dunagan,M. Night Shyamalan,94,Horror|Thriller,Blumhouse Productions|Blinding Edge Pictures,9/10/15,729,5.9,2015,4599997.97600089,90574017.1874324,18.690012399999993
403,0.409695,Driving Miss Daisy,Morgan Freeman|Jessica Tandy|Dan Aykroyd|Patti LuPone|Esther Rolle,Bruce Beresford,99,Comedy|Drama,The Zanuck Company|Majestic Films International,12/13/89,181,6.9,1989,13192387.0428244,256448211.877475,18.439106133333333
243940,0.599655,The Lazarus Effect,Olivia Wilde|Mark Duplass|Donald Glover|Evan Peters|Sarah Bolger,David Gelb,83,Thriller|Horror,Lionsgate|Blumhouse Productions|Chapter One Films,1/29/15,327,4.9,2015,3035998.66416058,58981843.8079887,18.427493333333377
581,1.695911,Dances with Wolves,Kevin Costner|Mary McDonnell|Graham Greene|Rodney A. Grant|Floyd Red Crow Westerman,Kevin Costner,181,Adventure|Drama|Western,Tig Productions|Majestic Films International,11/9/90,585,7.3,1990,36715767.8869207,707961527.215729,18.28222036363638
13506,0.427022999999999,ÐÐ´Ð¼Ð¸Ñ€Ð°Ð»ÑŠ,Konstantin Khabenskiy|Elizaveta Boyarskaya|Sergei Bezrukov|Anna Kovalchuk|Egor Beroev,Andrey Kravchuk,123,Action|Drama|History|War,Film Direction,6/6/08,28,6.7,2008,2025573.26761833,38623507.506977,18.067939000000006
7340,1.263483,Carrie,Sissy Spacek|Piper Laurie|Amy Irving|William Katt|Betty Buckley,Brian De Palma,98,Horror|Thriller,United Artists,11/3/76,497,6.8,1976,6897056.45125754,129511393.362502,17.777777777777676
1970,0.935831,The Grudge,Sarah Michelle Gellar|Jason Behr|William Mapother|Clea DuVall|KaDee Strickland,Takashi Shimizu,92,Horror|Thriller|Mystery,Ghost House Pictures|Vertigo Entertainment|Senator International|Colombia Pictures|Fellah Pictures,10/22/04,462,5.8,2004,11544453.9981214,211811410.261264,17.347460200000064
9336,0.9739,Police Academy,Steve Guttenberg|Kim Cattrall|G. W. Bailey|Bubba Smith|Donovan Scott,Hugh Wilson,96,Comedy|Crime,Warner Bros.|The Ladd Company,3/22/84,270,6.3,1984,9445689.17637368,170439892.042069,17.04419866666659
812,3.966538,Aladdin,Scott Weinger|Robin Williams|Linda Larkin|Jonathan Freeman|Frank Welker,Ron Clements|John Musker,90,Animation|Family|Comedy|Adventure|Fantasy,Walt Disney Pictures,11/25/92,2121,7.3,1992,43512679.1284907,783306265.856875,17.001793535714313
11298,0.265411,The Howling,Patrick Macnee|Dennis Dugan|Christopher Stone|Belinda Balaski|Kevin McCarthy,Joe Dante,91,Drama|Horror,AVCO Embassy Pictures|International Film Investors|Wescom Productions,4/3/81,58,6.3,1981,2398190.80485681,43133603.2097385,16.98589300000002
55420,0.779536,Another Earth,Brit Marling|William Mapother|Jordan Baker|Flint Beverage|Robin Lord Taylor,Mike Cahill,92,Drama|Science Fiction,Artists Public Domain,7/22/11,299,6.8,2011,96939.8042591472,1722557.31081227,16.769349999999925
1892,4.828854,Return of the Jedi,Mark Hamill|Harrison Ford|Carrie Fisher|Billy Dee Williams|Anthony Daniels,Richard Marquand,135,Adventure|Action|Science Fiction,Lucasfilm|Twentieth Century Fox Film Corporation,5/23/83,3101,7.8,1983,70824243.1274759,1253818981.11608,16.703245749613487
788,1.73212599999999,Mrs. Doubtfire,Robin Williams|Sally Field|Pierce Brosnan|Harvey Fierstein|Polly Holliday,Chris Columbus,125,Comedy|Drama|Family,Twentieth Century Fox Film Corporation|Blue Wolf,11/24/93,809,6.9,1993,37736749.0424677,666108255.864819,16.651447800000014
12919,0.481561,Can't Buy Me Love,Patrick Dempsey|Seth Green|Gerardo MejÃ­a|Courtney Gains|Sharon Farrell,Steve Rash,94,Drama|Comedy|Romance|Family,Apollo Pictures|Touchstone Pictures|Silver Screen Partners II,8/14/87,72,6.4,1987,3454344.78851637,60688679.2869234,16.56879611111113
5916,0.260584,The Getaway,Steve McQueen|Ali MacGraw|Ben Johnson|Al Lettieri|Sally Struthers,Sam Peckinpah,118,Action|Crime|Thriller,First Artists,12/13/72,42,7.2,1972,17480532.7404029,306783033.070223,16.549981892780238
8587,4.78268799999999,The Lion King,Jonathan Taylor Thomas|Matthew Broderick|James Earl Jones|Jeremy Irons|Moira Kelly,Roger Allers|Rob Minkoff,89,Family|Animation|Drama,Walt Disney Pictures|Walt Disney Feature Animation,6/23/94,3489,7.7,1994,66200020.2719173,1159591590.00826,16.516483911110978
10823,0.361782,Children of the Corn,Peter Horton|Linda Hamilton|R. G. Armstrong|John Franklin|Courtney Gains,Fritz Kiersch,93,Drama|Fantasy|Horror|Thriller,Hal Roach Studios|Cinema Group|Planet Productions|Angeles Entertainment Group|Inverness Productions,3/9/84,106,5.6,1984,1679233.63135532,29386588.5487181,16.5
9725,0.61576,Friday the 13th Part 2,Amy Steel|John Furey|Adrienne King|Kirsten Baker|Betsy Palmer,Steve Miner,87,Horror|Thriller,Paramount Pictures,5/1/81,134,6.2,1981,2997738.50607102,52095361.6591643,16.37822079999999
2056,0.350293,The Station Agent,Peter Dinklage|Patricia Clarkson|Bobby Cannavale|Michelle Williams|Raven Goodwin,Tom McCarthy,88,Drama|Comedy,Next Wednesday Productions|SenArt Films,1/26/03,107,7.4,2003,592676.322391263,10288640.4811204,16.359628000000008
227348,0.625753,Paranormal Activity: The Marked Ones,Richard Cabral|Carlos Pratts|Eddie J. Fernandez|Jorge Diaz|David Fernandez Jr.,Christopher B. Landon,84,Horror|Thriller,Blumhouse Productions|Room 101|Solana Films,12/31/13,283,5.3,2013,4680166.76370212,80838060.6137757,16.272474399999997
642,1.357317,Butch Cassidy and the Sundance Kid,Paul Newman|Robert Redford|Katharine Ross|Strother Martin|Henry Jones,George Roy Hill,110,History|Drama|Western|Crime,Twentieth Century Fox Film Corporation|Campanile Productions|Newman-Foreman Productions,9/23/69,379,7.0,1969,35665585.2068663,608151066.341555,16.05148150000002
433,1.987819,Mary Poppins,Julie Andrews|Dick Van Dyke|David Tomlinson|Glynis Johns|Hermione Baddeley,Robert Stevenson,139,Comedy|Music|Family|Fantasy,Walt Disney Productions,8/27/64,613,7.2,1964,42181604.4616889,719004619.588715,16.045454499999998
551,0.321141,The Poseidon Adventure,Gene Hackman|Ernest Borgnine|Red Buttons|Carol Lynley|Roddy McDowall,Ronald Neame|Irwin Allen,117,Action|Adventure,Twentieth Century Fox Film Corporation|Kent Productions,12/1/72,144,7.7,1972,26072804.6568114,440959531.356979,15.912623600000023
11386,0.420957,The Crying Game,Stephen Rea|Jaye Davidson|Miranda Richardson|Forest Whitaker|Adrian Dunbar,Neil Jordan,112,Romance|Crime|Drama|Thriller,Miramax Films|Channel Four Films|Palace Pictures|Nippon Film Development and Finance Inc.|Eurotrustees,9/2/92,67,6.7,1992,5758495.92830105,97202580.7369991,15.879855772630044
745,2.578731,The Sixth Sense,Bruce Willis|Haley Joel Osment|Toni Collette|Olivia Williams|Mischa Barton,M. Night Shyamalan,107,Mystery|Thriller|Drama,Spyglass Entertainment|The Kennedy/Marshall Company|Hollywood Pictures|Barry Mendel Productions,8/2/99,1753,7.5,1999,52362113.8637728,880738991.74917,15.820157300000012
1690,1.056592,Hostel,Jay Hernandez|Derek Richardson|Eythor Gudjonsson|Barbara Nedeljakova|Jana Kaderabkova,Eli Roth,94,Horror,International Production Company|Raw Nerve|Next Entertainment|Hostel LLC,1/6/05,448,5.7,2005,5359503.79034157,89971479.6238923,15.78727791666666
50035,0.251798,Lovely & Amazing,Catherine Keener|Brenda Blethyn|Emily Mortimer|Jake Gyllenhaal|James Le Gros,Nicole Holofcener,91,Comedy|Drama|Romance,,8/31/01,10,6.3,2001,307872.02917346,5156155.77191707,15.747724000000048
205596,8.110711,The Imitation Game,Benedict Cumberbatch|Keira Knightley|Matthew Goode|Rory Kinnear|Allen Leech,Morten Tyldum,113,History|Drama|Thriller|War,Black Bear Pictures|Bristol Automotive,11/14/14,3478,8.0,2014,12895274.7108004,215126072.495392,15.6825505714286
713,0.634017,The Piano,Holly Hunter|Harvey Keitel|Sam Neill|Anna Paquin|Cliff Curtis,Jane Campion,121,Romance|Drama,New South Wales Film & Television Office|The Australian Film Commission|CiBy 2000|Jan Chapman Productions,5/19/93,131,6.8,1993,10566289.7318909,176155144.530239,15.671428571428638
170,1.839408,28 Days Later...,Cillian Murphy|Naomie Harris|Noah Huntley|Christopher Dunne|Emma Hitching,Danny Boyle,113,Horror|Thriller|Science Fiction,DNA Films|British Film Council,10/31/02,1015,6.9,2002,6061306.96810273,100278123.070231,15.543976999999954
619,0.740663,The Bodyguard,Whitney Houston|Kevin Costner|Michele Lamar Richards|Ralph Waite|Gary Kemp,Mick Jackson,129,Thriller|Action|Drama|Music|Romance,Tig Productions|Warner Bros.|Kasdan Pictures,11/25/92,338,6.1,1992,38850606.3647239,638714442.759536,15.44026959999998
214,0.849096,Saw III,Tobin Bell|Shawnee Smith|Angus Macfadyen|Bahar Soomekh|Dina Meyer,Darren Lynn Bousman,108,Horror|Thriller|Crime,Lions Gate Films|Twisted Pictures|Evolution Entertainment,10/27/06,538,6.0,2006,10816691.5829157,177260496.544553,15.387681499999973
681,1.75511699999999,Diamonds Are Forever,Sean Connery|Jill St. John|Charles Gray|Lana Wood|Jimmy Dean,Guy Hamilton,120,Adventure|Action|Thriller|Science Fiction,Eon Productions|Metro-Goldwyn-Mayer (MGM)|Danjaq,12/13/71,331,6.2,1971,38773403.3839487,624682610.07473,15.111111111111137
544,1.379837,There's Something About Mary,Cameron Diaz|Ben Stiller|Matt Dillon|Lee Evans|Chris Elliott,Bobby Farrelly|Peter Farrelly,119,Romance|Comedy,Twentieth Century Fox Film Corporation,7/15/98,980,6.5,1998,30766995.7888008,494793021.724308,15.081941347826131
27932,0.463337,Airport 1975,"Charlton Heston|Karen Black|George Kennedy|Gloria Swanson|Efrem Zimbalist, Jr.",Jack Smight,107,Action|Adventure|Drama|Thriller,Universal Pictures,10/18/74,30,6.1,1974,13266851.6655426,207847342.760168,14.66666666666671
211672,7.40416499999999,Minions,Sandra Bullock|Jon Hamm|Michael Keaton|Allison Janney|Steve Coogan,Kyle Balda|Pierre Coffin,91,Family|Animation|Adventure|Comedy,Universal Pictures|Illumination Entertainment,6/17/15,2893,6.5,2015,68079970.0448131,1064192016.79551,14.631499486486467
854,1.627278,The Mask,Jim Carrey|Cameron Diaz|Nancy Fish|Tim Bagley|Johnny Williams,Chuck Russell,101,Romance|Comedy|Crime|Fantasy,New Line Cinema|Dark Horse Entertainment,7/29/94,1307,6.5,1994,33835565.9167577,517218414.903772,14.286235086956527
12154,0.380326,Three Men and a Baby,Tom Selleck|Steve Guttenberg|Ted Danson|Nancy Travis|Margaret Colin,Leonard Nimoy,102,Family|Comedy|Drama,Touchstone Pictures|Interscope Communications,11/27/87,103,6.1,1987,21109884.8187111,322405513.594861,14.272727272727298
11327,0.512718999999999,Midnight Express,Brad Davis|Irene Miracle|Bo Hopkins|Randy Quaid|John Hurt,Alan Parker,121,Drama|Crime,Columbia Pictures|Casablanca Filmworks,10/6/78,141,7.5,1978,7688211.5983023,116994524.321991,14.217391304347757
840,1.104816,Close Encounters of the Third Kind,Richard Dreyfuss|FranÃ§ois Truffaut|Teri Garr|Melinda Dillon|Bob Balaban,Steven Spielberg,135,Science Fiction|Drama,Columbia Pictures Corporation|EMI Films|Julia Phillips and Michael Phillips Productions,11/16/77,600,7.0,1977,71955620.651407,1092964988.91343,14.1894317499999
1640,1.539729,Crash,Sandra Bullock|Don Cheadle|Matt Dillon|Michael PeÃ±a|Jennifer Esposito,Paul Haggis,112,Drama,Blackfriars Bridge Films|Yari Film Group|Bob Yari Productions|ApolloProScreen Filmproduktion|Bull's Eye Entertainment,5/28/04,675,7.1,2004,7503895.09877896,113609042.216682,14.140009384615272
10020,3.852269,Beauty and the Beast,Paige O'Hara|Robby Benson|Richard White|Jerry Orbach|David Ogden Stiers,Gary Trousdale|Kirk Wise,84,Romance|Family|Animation|Fantasy|Music,Walt Disney Pictures|Walt Disney Animation Studios|Silver Screen Partners IV,11/12/91,1703,7.3,1991,40027321.0482546,604173269.306698,14.094022120000036
96,1.07467,Beverly Hills Cop II,Eddie Murphy|Judge Reinhold|John Ashton|Ronny Cox|Paul Reiser,Tony Scott,100,Action|Comedy|Crime,Paramount Pictures|Eddie Murphy Productions|Don Simpson/Jerry Bruckheimer Films,5/18/87,333,6.1,1987,38381608.761293,575657032.690959,13.998251800000011
1498,1.469009,Teenage Mutant Ninja Turtles,Judith Hoag|Elias Koteas|Josh Pais|Brian Tochi|Leif Tilden,Steve Barron,93,Science Fiction|Action|Adventure|Comedy|Family,New Line Cinema|Golden Harvest Company,3/30/90,267,6.6,1990,22530130.2942468,337060620.736798,13.960438148148144
195589,2.376309,Neighbors,Seth Rogen|Zac Efron|Rose Byrne|Dave Franco|Ike Barinholtz,Nicholas Stoller,96,Comedy,Universal Pictures|Point Grey Pictures|Good Universe,5/8/14,1829,6.2,2014,16579638.9138862,246997381.338142,13.897633333333363
241254,1.394382,The Prince,Bruce Willis|Jason Patric|John Cusack|Jessica Lowndes|Gia Mantegna,Brian A Miller,93,Thriller|Action,Grindstone Entertainment Group|Emmett/Furla Films|Oasis Films|Aperture Entertainment,8/22/14,165,4.6,2014,16579638.9138862,245550715.733801,13.810377777777846
36599,0.192608,Prom Night,Leslie Nielsen|Jamie Lee Curtis|Casey Stevens|Anne-Marie Martin|Antoinette Bower,Paul Lynch,92,Horror|Mystery|Thriller,Guardian Trust Company|Simcom Limited|Prom Night Productions,7/18/80,39,6.4,1980,2646036.75292129,39151384.2608971,13.796236
4247,1.815244,Scary Movie,Carmen Electra|Dave Sheridan|Anna Faris|Jon Abrahams|Regina Hall,Keenen Ivory Wayans,88,Comedy,Gold/Miller Productions|Wayans Bros. Entertainment|Dimension Films|Brad Grey Pictures,7/7/00,681,5.9,2000,24059550.1725196,352054243.648785,13.632619526315802
15393,0.560488,Play Misty for Me,Clint Eastwood|Jessica Walter|John Larch|Donna Mills|Jack Ging,Clint Eastwood,102,Crime|Drama|Romance|Thriller,Universal Pictures|Malpaso Productions,11/3/71,33,5.8,1971,3904266.31296706,57083066.0930357,13.620689655172429
329,2.204926,Jurassic Park,Sam Neill|Laura Dern|Jeff Goldblum|Richard Attenborough|Bob Peck,Steven Spielberg,127,Adventure|Science Fiction,Universal Pictures|Amblin Entertainment,6/11/93,3169,7.4,1993,95096607.5870186,1388863311.75898,13.604761904761896
424,2.377288,Schindler's List,Liam Neeson|Ben Kingsley|Ralph Fiennes|Caroline Goodall|Jonathan Sagall,Steven Spielberg,195,Drama|History|War,Universal Pictures|Amblin Entertainment,11/29/93,2632,8.1,1993,33208339.1573716,484941026.518066,13.602989454545444
9003,0.349927,Hellraiser,Andrew Robinson|Clare Higgins|Ashley Laurence|Sean Chapman|Oliver Smith,Clive Barker,94,Horror,Cinemarque Entertainment BV|Film Futures|Rivdel Films,9/11/87,189,6.7,1987,1919080.43806465,27949539.3151454,13.564027000000005
8467,2.360701,Dumb and Dumber,Jim Carrey|Jeff Daniels|Lauren Holly|Mike Starr|Karen Duffy,Peter Farrelly,107,Comedy,New Line Cinema|Motion Picture Corporation of America (MPCA),12/16/94,1060,6.5,1994,25008896.5471687,363769661.589909,13.54561023529413
496,1.930735,Borat: Cultural Learnings of America for Make Benefit Glorious Nation of Kazakhstan,Sacha Baron Cohen|Ken Davitian|Luenell|Pamela Anderson|Bob Barr,Larry Charles,82,Comedy,Twentieth Century Fox Film Corporation|Four By Two Productions,11/2/06,979,6.4,2006,19470044.8492483,282935169.834497,13.531819111111115
320588,0.673792,"Hello, My Name Is Doris",Sally Field|Max Greenfield|Beth Behrs|Stephen Root|Natasha Lyonne,Michael Showalter,95,Comedy|Drama|Romance,Red Crown Productions|Haven Entertainment,11/27/15,87,6.6,2015,919999.595200178,13289393.2326669,13.44499899999992
9493,1.144528,Twins,Arnold Schwarzenegger|Danny DeVito|Kelly Preston|Chloe Webb|David Caruso,Ivan Reitman,107,Comedy|Drama,Universal Pictures,12/9/88,287,5.5,1988,27658365.3463546,399413325.505401,13.440959200000012
207,2.470407,Dead Poets Society,Robin Williams|Ethan Hawke|Robert Sean Leonard|Gale Hansen|Josh Charles,Peter Weir,129,Drama,Touchstone Pictures|Silver Screen Partners IV,6/2/89,1426,7.9,1989,28847353.0003094,414874391.764995,13.381714390243891
274,0.695385,The Silence of the Lambs,Jodie Foster|Anthony Hopkins|Scott Glenn|Ted Levine|Anthony Heald,Jonathan Demme,118,Crime|Drama|Thriller,Orion Pictures|Strong Heart/Demme Production,2/14/91,2679,7.9,1991,30420763.9966735,436686740.101323,13.354890631578963
216015,4.71040199999999,Fifty Shades of Grey,Dakota Johnson|Jamie Dornan|Jennifer Ehle|Eloise Mumford|Victor Rasuk,Sam Taylor-Johnson,125,Drama|Romance,Focus Features|Trigger Street Productions|Michael De Luca Productions,2/11/15,1865,5.3,2015,36799983.8080071,524079119.045187,13.241286674999992
10780,0.601451,Overboard,Goldie Hawn|Kurt Russell|Edward Herrmann|Katherine Helmond|Mike Hagerty,Garry Marshall,106,Comedy|Romance,Metro-Goldwyn-Mayer (MGM)|Hawn / Sylbert Movie Company|Star Partners,12/16/87,115,6.6,1987,3607882.73804417,51264754.610063,13.209096673095749
18239,1.971027,The Twilight Saga: New Moon,Kristen Stewart|Robert Pattinson|Taylor Lautner|Billy Burke|Ashley Greene,Chris Weitz,130,Adventure|Fantasy|Drama|Romance,Summit Entertainment|Maverick Films|Imprint Entertainment|Sunswept Entertainment|Temple Hill Entertainment,3/15/09,1388,5.6,2009,50820021.7062476,721468940.530613,13.196549240000003
380,1.45982099999999,Rain Man,Dustin Hoffman|Tom Cruise|Valeria Golino|Gerald R. Molen|Jack Murdock,Barry Levinson,133,Drama,United Artists|Star Partners II Ltd.,12/11/88,934,7.4,1988,46097275.5772577,654259434.360614,13.193017400000006
60420,1.22871,Like Crazy,Anton Yelchin|Felicity Jones|Jennifer Lawrence|Charlie Bewley|Alex Kingston,Drake Doremus,90,Drama|Romance,Paramount Vantage|Andrea Sperling Productions|Indian Paintbrush|Super Crispy Entertainment|Ascension Productions,10/28/11,257,6.4,2011,242349.510647868,3433950.06436803,13.169412000000007
377,1.331432,A Nightmare on Elm Street,John Saxon|Ronee Blakley|Heather Langenkamp|Amanda Wyss|Jsu Garcia,Wes Craven,91,Horror,New Line Cinema|Smart Egg Pictures,11/15/84,625,7.1,1984,3778275.67054947,53535044.9761737,13.169173888888887
1879,0.321935,Guess Who's Coming to Dinner,Spencer Tracy|Sidney Poitier|Katharine Hepburn|Katharine Houghton|Isabel Sanford,Stanley Kramer,108,Comedy|Drama|Romance,Stanley Kramer Productions,12/11/67,72,7.4,1967,26147054.9591484,370416614.100191,13.16666675000003
17264,0.159632,The Black Stallion,Kelly Reno|Mickey Rooney|Teri Garr|Clarence Muse|Hoyt Axton,Carroll Ballard,118,Adventure|Family,United Artists,10/17/79,28,6.8,1979,8112295.80675429,113571068.668781,12.999867777777757
1281,0.742726,Bean,Rowan Atkinson|Peter MacNicol|John Mills|Pamela Reed|Harris Yulin,Mel Smith,85,Comedy,Tiger Aspect Productions|PolyGram Filmed Entertainment|Working Title Films,7/29/97,297,6.3,1997,24452285.7792977,341262444.345578,12.956259444444441
682,1.619555,The Man with the Golden Gun,Roger Moore|Christopher Lee|Britt Ekland|Maud Adams|HervÃ© Villechaize,Guy Hamilton,125,Adventure|Action|Thriller,Eon Productions|Metro-Goldwyn-Mayer (MGM)|Danjaq,12/1/74,283,6.1,1974,30955987.2195995,431491083.570109,12.938857142857147
663,1.049862,Saw IV,Tobin Bell|Scott Patterson|Costas Mandylor|Betsy Russell|Lyriq Bent,Darren Lynn Bousman,93,Horror|Thriller|Crime,Lions Gate Films|Twisted Pictures,10/25/07,469,5.8,2007,10516685.8263154,146552786.033084,12.93526330000008
10112,1.936962,The Aristocats,Phil Harris|Sterling Holloway|Scatman Crothers|Eva Gabor|Paul Winchell,Wolfgang Reitherman,78,Animation|Comedy|Family|Adventure,Walt Disney Productions,12/24/70,625,7.0,1970,22465473.3756058,312692750.953378,12.918814250000018
927,2.464803,Gremlins,Zach Galligan|Phoebe Cates|Hoyt Axton|Polly Holliday|Dick Miller,Joe Dante,106,Fantasy|Horror|Comedy,Amblin Entertainment|Warner Bros.,6/7/84,844,6.8,1984,23089462.4311356,321327866.588246,12.916645636363665
451,1.162695,Leaving Las Vegas,Nicolas Cage|Elisabeth Shue|Julian Sands|Richard Lewis|Steven Weber,Mike Figgis,112,Drama|Romance,United Artists|Intial Productions,10/27/95,184,6.9,1995,5151480.72158507,71262149.9819269,12.833333333333353
10633,0.428652,In the Heat of the Night,Sidney Poitier|Rod Steiger|Warren Oates|Lee Grant|Larry Gates,Norman Jewison,109,Crime|Drama|Mystery|Thriller,"United Artists|Mirisch Corporation, The",8/2/67,83,7.0,1967,13073527.4795742,178976447.386569,12.689989000000036
74534,0.895829,The Best Exotic Marigold Hotel,Bill Nighy|Maggie Smith|Tom Wilkinson|Judi Dench|Dev Patel,John Madden,124,Drama|Comedy,Participant Media|Imagenation Abu Dhabi FZ,11/28/11,310,6.8,2011,9693980.42591472,132648701.782141,12.68361559999997
13665,0.514548999999999,Arthur,Dudley Moore|Liza Minnelli|John Gielgud|Geraldine Fitzgerald|Jill Eikenberry,Steve Gordon,97,Comedy|Drama|Romance,Orion Pictures,7/17/81,45,6.4,1981,16787335.6339977,228935327.988565,12.637383142857125
951,0.386018,Kindergarten Cop,Arnold Schwarzenegger|Penelope Ann Miller|Pamela Reed|Linda Hunt|Richard Tyson,Ivan Reitman,111,Comedy,Imagine Entertainment|Universal Pictures,12/21/90,304,5.7,1990,25033478.1047187,337046890.708507,12.463845866666652
126509,0.075043,2016: Obama's America,,Dinesh D'Souza|John Sullivan,87,Documentary,,7/13/12,11,4.7,2012,2374360.70338061,31721458.997165,12.36000000000002
546,0.374704,Transamerica,Felicity Huffman|Kevin Zegers|Elizabeth PeÃ±a|Danny Burstein|Maurice Orozco,Duncan Tucker,103,Drama,IFC Films|The Weinstein Company,12/23/05,65,6.5,2005,1116563.28965449,14906531.9287413,12.35036899999998
12102,0.416453,Kramer vs. Kramer,Dustin Hoffman|Meryl Streep|Jane Alexander|Justin Henry|Howard Duff,Robert Benton,105,Drama,Columbia Pictures,12/19/79,240,7.3,1979,24036432.0200127,319263908.305819,12.282500000000013
691,2.379469,The Spy Who Loved Me,Roger Moore|Barbara Bach|Curd JÃ¼rgens|Richard Kiel|Caroline Munro,Lewis Gilbert,125,Adventure|Action|Thriller,Eon Productions|Metro-Goldwyn-Mayer (MGM)|Danjaq,7/7/77,279,6.2,1977,50368934.4559849,667167740.424415,12.24561949999999
18785,3.15306,The Hangover,Bradley Cooper|Ed Helms|Zach Galifianakis|Justin Bartha|Heather Graham,Todd Phillips,100,Comedy,Legendary Pictures|Green Hat Films|Warner Bros.|IFP Westcoast Erste,6/5/09,4134,7.1,2009,35574015.1943733,466802856.532436,12.122017685714308
5689,1.392663,The Blue Lagoon,Brooke Shields|Christopher Atkins|Leo McKern|William Daniels|Jeffrey Kleiser,Randal Kleiser,104,Romance|Adventure|Drama,Columbia Pictures Corporation,7/5/80,172,5.8,1980,11907165.3881458,155727481.499572,12.078467999999964
9012,0.925495,Jackass: The Movie,Johnny Knoxville|Bam Margera|Steve-O|Chris Pontius|Dave England,Jeff Tremaine,87,Comedy,Paramount Pictures,10/21/02,197,6.2,2002,6061306.96810273,77926965.1302708,11.856462400000009
660,1.910465,Thunderball,Sean Connery|Claudine Auger|Adolfo Celi|Luciana Paluzzi|Rik Van Nutter,Terence Young,130,Adventure|Action|Thriller,Eon Productions|Metro-Goldwyn-Mayer (MGM),12/16/65,331,6.3,1965,76126200.6312938,977153544.470504,11.83596890909091
93456,3.928789,Despicable Me 2,Steve Carell|Kristen Wiig|Benjamin Bratt|Miranda Cosgrove|Russell Brand,Pierre Coffin|Chris Renaud,98,Animation|Comedy|Family,Universal Pictures|Illumination Entertainment,6/25/13,3436,7.0,2013,71138534.8082722,908665501.929164,11.773182697368426
142,1.475604,Brokeback Mountain,Heath Ledger|Jake Gyllenhaal|Randy Quaid|Michelle Williams|Anne Hathaway,Ang Lee,134,Drama|Romance,River Road Entertainment|Alberta Film Entertainment|Focus Features|Good Machine,9/2/05,780,7.2,2005,15631886.0551629,198797127.484618,11.717411499999981
762,2.234953,Monty Python and the Holy Grail,Graham Chapman|John Cleese|Eric Idle|Michael Palin|Terry Gilliam,Terry Gilliam|Terry Jones,91,Adventure|Comedy|Fantasy,Python (Monty) Pictures Limited|Michael White Productions|National Film Trustee Company|Twickenham Film Studios,3/13/75,1097,7.6,1975,1620728.46882488,20376397.9795998,11.572369999999966
773,0.778589,Little Miss Sunshine,Greg Kinnear|Toni Collette|Steve Carell|Paul Dano|Abigail Breslin,Jonathan Dayton|Valerie Faris,102,Comedy|Drama,Fox Searchlight Pictures|Bona Fide Productions|Big Beach Films,7/26/06,952,7.3,2006,8653353.26633258,108732824.581061,11.565397624999955
241251,1.65107799999999,The Boy Next Door,Jennifer Lopez|Ryan Guzman|Ian Nelson|John Corbett|Kristin Chenoweth,Rob Cohen,91,Thriller,Universal Pictures|Nuyorican Productions|Blumhouse Productions|Smart Entertainment,1/23/15,810,3.9,2015,3679998.38080071,46150034.4539848,11.540775749999996
3116,0.859806,Midnight Cowboy,Dustin Hoffman|Jon Voight|Sylvia Miles|John McGiver|Brenda Vaccaro,John Schlesinger,113,Drama,United Artists|Florin Productions|Jerome Hellman Productions,5/25/69,124,7.0,1969,21399351.1241198,266214187.294254,11.440292499999995
4232,1.286189,Scream,David Arquette|Neve Campbell|Courteney Cox|Matthew Lillard|Rose McGowan,Wes Craven,111,Crime|Horror|Mystery,Woods Entertainment|Dimension Films,12/19/96,779,6.9,1996,19463034.3454435,240572367.523814,11.360475928571462
46705,1.271367,Blue Valentine,Ryan Gosling|Michelle Williams|Mike Vogel|John Doman|Faith Wladyka,Derek Cianfrance,112,Drama|Romance,Hunting Lane Films|Silverwood Films|Incentive Filmed Entertainment|Chrysler Corporation|Shade Pictures,12/27/10,530,6.9,2010,1000000.0,12355734.0,11.355734
1933,1.406682,The Others,Nicole Kidman|Christopher Eccleston|Alakina Mann|James Bentley|Eric Sykes,Alejandro AmenÃ¡bar,101,Horror|Drama|Mystery|Thriller,Cruise/Wagner Productions|Canal Plus|Sogecine|Las Producciones del Escorpion|Lucky Red,8/2/01,872,7.1,2001,20935297.9837953,258547281.200582,11.349825705882344
13,6.715966,Forrest Gump,Tom Hanks|Robin Wright|Gary Sinise|Mykelti Williamson|Sally Field,Robert Zemeckis,142,Comedy|Drama|Romance,Paramount Pictures,7/6/94,4856,8.1,1994,80911135.8878989,997333314.601179,11.326279981818182
8810,1.248748,Mad Max 2,Mel Gibson|Bruce Spence|Michael Preston|Max Phipps|Vernon Wells,George Miller,95,Adventure|Action|Thriller|Science Fiction,Kennedy Miller Productions,12/23/81,501,7.1,1981,4796381.60971363,58997489.0942273,11.300416000000002
218,4.831966,The Terminator,Arnold Schwarzenegger|Michael Biehn|Linda Hamilton|Paul Winfield|Lance Henriksen,James Cameron,108,Action|Thriller|Science Fiction,Orion Pictures|Pacific Western|Hemdale Film|Cinema 84|Euro Film Funding,10/26/84,2692,7.1,1984,13433869.0508425,164504443.462092,11.245500000000014
500,4.586426,Reservoir Dogs,Harvey Keitel|Tim Roth|Michael Madsen|Chris Penn|Steve Buscemi,Quentin Tarantino,99,Crime|Thriller,Live Entertainment|Lionsgate|Dog Eat Dog Productions Inc.,6/25/92,2018,7.9,1992,1864829.10550674,22783560.4746984,11.217505833333343
238636,2.611251,The Purge: Anarchy,Frank Grillo|Carmen Ejogo|Zach Gilford|Kiele Sanchez|ZoÃ« Borde,James DeMonaco,104,Horror|Thriller,Universal Pictures|Why Not Productions|Platinum Dunes|Blumhouse Productions|5150 Action,7/17/14,1126,6.6,2014,8289819.45694313,100198906.84914,11.086982999999899
185,3.072555,A Clockwork Orange,Malcolm McDowell|Patrick Magee|Adrienne Corri|Michael Bates|Warren Clarke,Stanley Kubrick,136,Science Fiction|Drama,Hawk Films|Warner Bros.,12/18/71,1786,7.7,1971,11847428.8117621,143186947.579974,11.085909090909103
862,4.282462,Toy Story,Tom Hanks|Tim Allen|Don Rickles|Jim Varney|Wallace Shawn,John Lasseter,81,Animation|Comedy|Family,Walt Disney Pictures|Pixar Animation Studios,10/30/95,3141,7.5,1995,42929006.0132089,517950958.475917,11.065291200000011
122,7.122455,The Lord of the Rings: The Return of the King,Elijah Wood|Ian McKellen|Viggo Mortensen|Liv Tyler|Orlando Bloom,Peter Jackson,201,Adventure|Fantasy|Action,WingNut Films|New Line Cinema,12/1/03,5636,7.9,2003,111423148.609557,1326278010.47567,10.903074244680898
87,2.556799,Indiana Jones and the Temple of Doom,Harrison Ford|Kate Capshaw|Jonathan Ke Quan|Amrish Puri|Roshan Seth,Steven Spielberg,118,Adventure|Action,Lucasfilm|Paramount Pictures,5/23/84,1735,6.9,1984,58773177.0974362,698980999.051652,10.892857142857144
309304,0.259794,Grandma,Lily Tomlin|Julia Garner|Marcia Gay Harden|Judy Greer|Laverne Cox,Paul Weitz,78,Drama|Comedy,Depth of Field|1821 Pictures,6/4/15,81,5.6,2015,551999.757120106,6520452.97100069,10.812420000000012
328425,1.926739,The Gift,Jason Bateman|Rebecca Hall|Joel Edgerton|David Denman|Beau Knapp,Joel Edgerton,108,Thriller|Mystery,Blumhouse Productions|Blue-Tongue Films|STX Entertainment|Ahimsa Films,7/30/15,631,6.6,2015,4599997.97600089,54260336.8854517,10.795730599999985
268,2.640852,Batman,Jack Nicholson|Michael Keaton|Kim Basinger|Michael Gough|Pat Hingle,Tim Burton,126,Fantasy|Action,PolyGram Filmed Entertainment|The Guber-Peters Company|Warner Bros.,6/23/89,1207,6.9,1989,61564472.8665139,723556562.007649,10.752826400000012
667,1.554808,You Only Live Twice,Sean Connery|Akiko Wakabayashi|Karin Dor|Mie Hama|TetsurÅ Tamba,Lewis Gilbert,117,Action|Thriller|Adventure,Eon Productions,6/12/67,301,6.2,1967,62099255.5279776,729403389.573469,10.745767052631583
19995,9.432768,Avatar,Sam Worthington|Zoe Saldana|Sigourney Weaver|Stephen Lang|Michelle Rodriguez,James Cameron,162,Action|Adventure|Fantasy|Science Fiction,Ingenious Film Partners|Twentieth Century Fox Film Corporation|Dune Entertainment|Lightstorm Entertainment,12/10/09,8458,7.1,2009,240886902.887613,2827123750.41189,10.736311590717321
11631,2.543535,Mamma Mia!,Meryl Streep|Pierce Brosnan|Amanda Seyfried|Colin Firth|Stellan SkarsgÃ¥rd,Phyllida Lloyd,108,Comedy|Romance,Universal Pictures|Internationale Filmproduktion Richter|Playtone|Relativity Media|Littlestar,6/30/08,805,6.2,2008,52664904.9580767,617639458.693902,10.727723788461535
84175,0.430256,Beasts of the Southern Wild,QuvenzhanÃ© Wallis|Dwight Henry|Levy Easterly|Gina Montana|Lowell Landes,Benh Zeitlin,93,Drama|Fantasy,Journeyman Pictures|Court 13 Pictures|Cinereach,6/29/12,262,6.6,2012,1709539.70643404,20046961.0557357,10.726525555555547
121,8.095275,The Lord of the Rings: The Two Towers,Elijah Wood|Ian McKellen|Viggo Mortensen|Liv Tyler|Orlando Bloom,Peter Jackson,179,Adventure|Fantasy|Action,WingNut Films|New Line Cinema|The Saul Zaentz Company,12/18/02,5114,7.8,2002,95768650.0960232,1122902454.41715,10.725156962025286
668,1.778746,On Her Majesty's Secret Service,George Lazenby|Diana Rigg|Telly Savalas|Gabriele Ferzetti|Ilse Steppat,Peter R. Hunt,142,Adventure|Action|Thriller,Eon Productions|Metro-Goldwyn-Mayer (MGM)|Danjaq,12/12/69,258,6.4,1969,41609849.4080107,487278044.146861,10.710641857142857
9377,1.36519,Ferris Bueller's Day Off,Matthew Broderick|Alan Ruck|Mia Sara|Jeffrey Jones|Jennifer Grey,John Hughes,103,Drama|Comedy,Paramount Pictures,6/11/86,755,7.3,1986,11936438.4651729,139529742.123193,10.689394833333303
1637,2.536898,Speed,Keanu Reeves|Sandra Bullock|Dennis Hopper|Jeff Daniels|Joe Morton,Jan de Bont,116,Action|Adventure|Crime|Thriller,Twentieth Century Fox Film Corporation,6/9/94,1012,6.6,1994,44133346.8479448,515548317.850129,10.681604833333346
240832,5.947136,Lucy,Scarlett Johansson|Morgan Freeman|Choi Min-sik|Amr Waked|Julian Rhind-Tutt,Luc Besson,89,Action|Science Fiction,Universal Pictures|TF1 Films Production|Canal+|EuropaCorp|CinÃ©+,7/14/14,3699,6.3,2014,36843642.0308583,426796807.314199,10.584001575000007
1934,1.059234,Shakespeare in Love,Joseph Fiennes|Gwyneth Paltrow|Geoffrey Rush|Tom Wilkinson|Judi Dench,John Madden,122,History,Miramax Films|Universal Pictures|Bedford Falls Productions,12/11/98,399,6.7,1998,33442386.7269574,387019102.157528,10.572711760000006
310131,2.46449,The Witch,Anya Taylor-Joy|Ralph Ineson|Kate Dickie|Harvey Scrimshaw|Ellie Grainger,Robert Eggers,92,Mystery|Horror,Parts and Labor|RT Features|Rooks Nest Entertainment|Maiden Voyage Pictures|Pulse Films,3/24/15,700,5.8,2015,3219998.58320062,37190013.0363942,10.549698571428564
2604,0.724013,Born on the Fourth of July,Tom Cruise|Raymond J. Barry|Caroline Kava|Holly Marie Combs|Kyra Sedgwick,Oliver Stone,145,Drama|War,Universal Pictures|Ixtlan,12/20/89,190,6.3,1989,24625789.1466055,283199561.94239,10.500121285714298
609,1.193916,Poltergeist,JoBeth Williams|Craig T. Nelson|Beatrice Straight|Heather O'Rourke|Dominique Dunne,Tobe Hooper,114,Horror,SLM Production Group|Metro-Goldwyn-Mayer (MGM),6/4/82,425,6.8,1982,24178173.7072981,276128301.591759,10.420560747663528
11123,0.186995,Earthquake,Charlton Heston|Ava Gardner|George Kennedy|Lorne Greene|GeneviÃ¨ve Bujold,Mark Robson,123,Action|Drama|Thriller,Universal Pictures|The Filmakers Group,11/15/74,23,6.0,1974,30955987.2195995,352308556.013753,10.380950428571442
33,0.841579999999999,Unforgiven,Clint Eastwood|Gene Hackman|Morgan Freeman|Richard Harris|Jaimz Woolvett,Clint Eastwood,131,Western,Warner Bros.,8/7/92,602,7.5,1992,21756339.5642453,247334532.936456,10.368389071428602
1885,1.508112,The Karate Kid,Ralph Macchio|Pat Morita|William Zabka|Martin Kove|Chad McQueen,John G. Avildsen,126,Drama,Columbia Pictures Corporation|Jerry Weintraub Productions|Delphi Films,6/22/84,475,6.7,1984,16792336.3135532,190625674.054874,10.351944749999964
10409,0.063684,Strictly Ballroom,Paul Mercurio|Tara Morice|Bill Hunter|Barry Otto|Pat Thomson,Baz Luhrmann,94,Comedy|Drama|Romance,Beyond Films|Australian Film Finance Corporation (AFFC)|M & A,8/20/92,33,6.3,1992,4662072.76376686,52753255.4477097,10.315408000000014
634,2.717399,Bridget Jones's Diary,RenÃ©e Zellweger|Colin Firth|Hugh Grant|Gemma Jones|Jim Broadbent,Sharon Maguire,97,Comedy|Romance|Drama,Miramax Films|Universal Pictures|Studio Canal|Working Title Films|Little Bird,4/13/01,751,6.5,2001,30787202.917346,347193192.284431,10.277191800000018
9373,0.920571,The Texas Chainsaw Massacre,Jessica Biel|Jonathan Tucker|Erica Leerhsen|Mike Vogel|Eric Balfour,Marcus Nispel,98,Horror,New Line Cinema|Next Entertainment|Platinum Dunes|Radar Pictures|Focus Features,10/17/03,333,6.0,2003,11260850.125434,126917669.435492,10.270700526315771
1365,0.522846,Monster's Ball,Halle Berry|Billy Bob Thornton|Heath Ledger|Sean Combs|Coronji Calhoun,Marc Forster,111,Drama|Romance,Lions Gate Films|Lee Daniels Entertainment,11/11/01,107,6.4,2001,4925952.46677537,55305498.3358285,10.227371500000002
14275,0.394187,Hoop Dreams,William Gates|Arthur Agee|Steve James,Steve James,171,Documentary,Fine Line Features|Kartemquin Films,9/12/94,48,7.3,1994,1029778.09311871,11519702.3764777,10.186587142857135
10758,0.67455,Waitress,Keri Russell|Nathan Fillion|Andy Griffith|Cheryl Hines|Eddie Jemison,Adrienne Shelly,108,Comedy,Night and Day Pictures,5/25/07,59,6.7,2007,2103337.16526309,23325409.7116755,10.089714999999968
85350,2.595951,Boyhood,Ellar Coltrane|Patricia Arquette|Ethan Hawke|Elijah Smith|Lorelei Linklater,Richard Linklater,164,Drama,Detour Filmproduction|IFC Productions,6/5/14,1343,7.6,2014,3684364.20308583,40849467.0106634,10.087250000000008
864,0.980554,Cool Runnings,Leon Robinson|Doug E. Doug|Rawle D. Lewis|Malik Yoba|John Candy,Jon Turteltaub,98,Comedy,Walt Disney,9/30/93,289,6.8,1993,21132579.4637819,233763161.445963,10.061742928571418
152532,1.765514,Dallas Buyers Club,Matthew McConaughey|Jennifer Garner|Jared Leto|Denis O'Hare|Steve Zahn,Jean-Marc VallÃ©e,117,Drama|History,Universal Studios|Universal Pictures|Voltage Pictures|Truth Entertainment,9/7/13,1831,7.8,2013,4680166.76370212,51667435.7740715,10.03965700000001
72105,2.990114,Ted,Mark Wahlberg|Mila Kunis|Seth MacFarlane|Joel McHale|Giovanni Ribisi,Seth MacFarlane,106,Comedy|Fantasy,Universal Pictures|Media Rights Capital|Fuzzy Door Productions,6/29/12,3199,6.4,2012,47487214.0676122,521759415.527369,9.987366300000017
602,4.480733,Independence Day,Will Smith|Bill Pullman|Jeff Goldblum|Mary McDonnell|Judd Hirsch,Roland Emmerich,145,Action|Adventure|Science Fiction,Twentieth Century Fox Film Corporation|Centropolis Entertainment,6/25/96,2000,6.6,1996,104266255.422019,1135764351.5897,9.892923573333283
192141,1.41239,No Escape,Owen Wilson|Lake Bell|Pierce Brosnan|Sterling Jerins|Spencer Garrett,John Erick Dowdle,103,Action|Thriller,Bold Films|Living Films|Brothers Dowdle Productions,8/26/15,519,6.7,2015,4599997.97600089,50065340.2112503,9.883774399999998
1633,0.474911,Fried Green Tomatoes,Kathy Bates|Mary-Louise Parker|Jessica Tandy|Cicely Tyson|Mary Stuart Masterson,Jon Avnet,130,Drama|Comedy,Universal Pictures,12/27/91,134,7.3,1991,17612021.261232,191200107.145132,9.85622736363635
858,0.940335,Sleepless in Seattle,Tom Hanks|Meg Ryan|Bill Pullman|Ross Malinger|Rosie O'Donnell,Nora Ephron,105,Comedy|Drama|Romance,TriStar Pictures,6/24/93,362,6.4,1993,31698869.1956728,343857082.17645,9.847613523809544
52449,2.604249,Bad Teacher,Jason Segel|Cameron Diaz|Justin Timberlake|Lucy Punch|Phyllis Smith,Jake Kasdan,92,Comedy,Columbia Pictures|Mosaic Media Group,5/16/11,953,5.4,2011,19387960.8518294,209581425.557985,9.8098746
9443,0.6599,Chariots of Fire,Ben Cross|Ian Charleson|Cheryl Campbell|Alice Krige|Nigel Havers,Hugh Hudson,123,Drama|History,"Twentieth Century Fox Film Corporation|Warner Bros.|Enigma Productions|The Ladd Company|Allied Stars, Ltd.",5/15/81,93,6.6,1981,13190049.4267124,141428276.108503,9.7223461818182
401,0.586936,Garden State,Zach Braff|Natalie Portman|Ian Holm|Peter Sarsgaard|Kenneth Graymez,Zach Braff,102,Comedy|Drama|Romance,Fox Searchlight Pictures|Double Feature Films|Jersey Films|Camelot Pictures|Large's Ark Productions,1/16/04,342,7.1,2004,2886113.49953037,30918036.9163932,9.7126892
2064,1.068338,While You Were Sleeping,Sandra Bullock|Bill Pullman|Peter Gallagher|Peter Boyle|Jack Warden,Jon Turteltaub,103,Comedy|Drama|Romance,Caravan Pictures|Hollywood Pictures,4/21/95,169,6.2,1995,24326436.7408184,260517557.820362,9.709236235294094
22881,2.367474,The Blind Side,Sandra Bullock|Quinton Aaron|Kathy Bates|Tim McGraw|Jae Head,John Lee Hancock,129,Drama,Alcon Entertainment|Left Tackle Pictures|Zucker/Netter Productions,11/20/09,1078,7.1,2009,29475612.5896236,314279459.502642,9.662355482758612
12445,5.711315,Harry Potter and the Deathly Hallows: Part 2,Daniel Radcliffe|Rupert Grint|Emma Watson|Alan Rickman|Maggie Smith,David Yates,130,Adventure|Family|Fantasy,Warner Bros.|Heyday Films|Moving Picture Company (MPC),7/7/11,3750,7.7,2011,121174755.323934,1287183997.56487,9.622542575999987
8966,3.107665,Twilight,Kristen Stewart|Robert Pattinson|Billy Burke|Taylor Lautner|Peter Facinelli,Catherine Hardwicke,122,Adventure|Fantasy|Drama|Romance,Summit Entertainment|Maverick Films|Imprint Entertainment|Goldcrest Pictures|Temple Hill Entertainment,11/20/08,2013,5.8,2008,37473105.4509392,397636870.011266,9.611260135135128
16094,0.126283,House Party,Christopher Reid|Martin Lawrence|Christopher Martin|Robin Harris|Tisha Campbell-Martin,Reginald Hudlin,100,Comedy|Drama,New Line Cinema,3/9/90,21,6.6,1990,4172246.35078645,44035556.8847405,9.5544
11917,0.892309,Saw V,Tobin Bell|Costas Mandylor|Scott Patterson|Betsy Russell|Mark Rolston,David Hackl,92,Horror|Thriller|Crime,Lionsgate|Twisted Pictures,10/23/08,437,5.9,2008,10938095.645139,115313387.580886,9.542364166666658
805,0.724527,Rosemary's Baby,Mia Farrow|John Cassavetes|Ruth Gordon|Sidney Blackmer|Maurice Evans,Roman Polanski,136,Horror|Drama|Mystery,Paramount Pictures|William Castle Productions,6/12/68,448,7.3,1968,20060683.5677925,209354710.49926,9.436070625000024
280092,1.164724,Insidious: Chapter 3,Dermot Mulroney|Stefanie Scott|Lin Shaye|Leigh Whannell|Angus Sampson,Leigh Whannell,97,Drama|Horror|Thriller,Sony Pictures,6/4/15,610,6.3,2015,9199995.95200178,95959500.6978197,9.4303851
10131,0.78304,A Nightmare on Elm Street 4: The Dream Master,Robert Englund|Tuesday Knight|Ken Sagoes|Rodney Eastman|Lisa Wilcox,Renny Harlin,99,Horror|Thriller,New Line Cinema,8/19/88,135,5.9,1988,12907237.1616321,133682099.174047,9.357142857142875
140607,11.173104,Star Wars: The Force Awakens,Harrison Ford|Mark Hamill|Carrie Fisher|Adam Driver|Daisy Ridley,J.J. Abrams,136,Action|Adventure|Science Fiction|Fantasy,Lucasfilm|Truenorth Productions|Bad Robot,12/15/15,5292,7.5,2015,183999919.040035,1902723129.80182,9.340891125000018
10314,1.022028,She's All That,Freddie Prinze Jr.|Rachael Leigh Cook|Matthew Lillard|Paul Walker|Jodi Lyn O'Keefe,Robert Iscove,95,Comedy|Romance,Miramax Films|Tapestry Films|FilmColony,1/29/99,248,5.6,1999,13090528.4659432,135051040.625015,9.316698900000006
24021,1.546212,The Twilight Saga: Eclipse,Kristen Stewart|Robert Pattinson|Taylor Lautner|Ashley Greene|Peter Facinelli,David Slade,124,Adventure|Fantasy|Drama|Romance,Summit Entertainment|Maverick Films|Imprint Entertainment|Sunswept Entertainment|Temple Hill Entertainment,6/23/10,1331,5.9,2010,68000000.0,698491347.0,9.271931573529411
9346,0.699455,Risky Business,Tom Cruise|Rebecca De Mornay|Joe Pantoliano|Richard Masur|Curtis Armstrong,Paul Brickman,98,Comedy|Romance,"Geffen Company, The",8/5/83,164,6.3,1983,13573734.3861004,139112774.744972,9.248673709677453
198663,7.137273,The Maze Runner,Dylan O'Brien|Ki Hong Lee|Kaya Scodelario|Aml Ameen|Blake Cooper,Wes Ball,113,Action|Mystery|Science Fiction|Thriller,Ingenious Media|Twentieth Century Fox Film Corporation|Gotham Group|Dayday Films|Temple Hill Entertainment,9/10/14,3425,7.0,2014,31317095.7262296,320834306.773058,9.244701794117631
11281,0.564939,Halloween II,Jamie Lee Curtis|Donald Pleasence|Charles Cyphers|Jeffrey Kramer|Lance Guest,Rick Rosenthal,92,Horror|Thriller,Universal Pictures,10/30/81,162,6.4,1981,5995477.01214204,61234967.5404874,9.21352719999999
454,1.920156,Romeo + Juliet,Leonardo DiCaprio|Claire Danes|John Leguizamo|Harold Perrineau|Pete Postlethwaite,Baz Luhrmann,120,Drama|Romance,Bazmark Films|Twentieth Century Fox Film Corporation,10/31/96,754,6.6,1996,20158142.7149236,204777203.170305,9.15853524137931
208134,1.291008,Jackass Presents: Bad Grandpa,Johnny Knoxville|Jackson Nicoll|Georgina Cates|Spike Jonze|Catherine Keener,Jeff Tremaine,92,Comedy,Paramount Pictures|MTV Films|Dickhouse Productions,10/22/13,496,6.1,2013,14040500.2911063,142119382.629841,9.122102466666657
135397,32.985763,Jurassic World,Chris Pratt|Bryce Dallas Howard|Irrfan Khan|Vincent D'Onofrio|Nick Robinson,Colin Trevorrow,124,Action|Adventure|Science Fiction|Thriller,Universal Studios|Amblin Entertainment|Legendary Pictures|Fuji Television Network|Dentsu,6/9/15,5562,6.5,2015,137999939.280026,1392445892.5238,9.090192066666667
10671,0.336237,Airport,Burt Lancaster|Dean Martin|Jean Seberg|Jacqueline Bisset|George Kennedy,George Seaton,137,Action|Drama|Thriller,Universal Pictures|Ross Hunter Productions Inc.,3/5/70,33,6.2,1970,56163683.4390146,564384086.581934,9.048915100000004
10092,0.466529,Cry_Wolf,Julian Morris|Lindy Booth|Jared Padalecki|Jon Bon Jovi|Sandra McCoy,Jeff Wadlow,90,Horror|Thriller,Universal Pictures,9/16/05,62,5.4,2005,1116563.28965449,11218863.9348159,9.047674000000011
1392,0.001117,Born into Brothels,Zana Briski|Avijit|Geeta Masi|Kochi|Mamuni,Zana Briski|Ross Kauffman,85,Documentary,,12/8/04,23,6.4,2004,404055.889934252,4057946.00150909,9.043031428571426
15647,0.195196,Kissing Jessica Stein,Jennifer Westfeldt|Tovah Feldshuh|Esther Wurmfeld|Hillel Friedman|Jon Hamm,Charles Herman-Wurmfeld,97,Comedy,Fox Searchlight Pictures|Eden Wurmfeld Films|Cineric|Michael Alden Productions|Brad Zions Films,4/21/01,22,5.9,2001,1231488.11669384,12331412.6634169,9.013424000000002
31261,0.332904,Halo Legends,Andy McAvin,Shinji Aramaki|Hideki Futamura,93,Action|Animation|Science Fiction,Microsoft,2/16/10,19,7.2,2010,100000.0,1000000.0,9.0
28501,0.249542,The Pit and the Pendulum,Vincent Price|John Kerr|Barbara Steele|Luana Anders|Antony Carbone,Roger Corman,80,Horror,Alta Vista Productions,8/12/61,23,6.3,1961,1458972.24159413,14589722.4159413,9.0
3055,0.213291,Valley of the Dolls,Barbara Parkins|Patty Duke|Sharon Tate|Paul Burke|Tony Scotti,Mark Robson,123,Music|Drama|Romance,Red Lion,12/27/67,13,6.2,1967,32683818.6989356,326838186.989356,8.999999999999998
10014,1.299275,A Nightmare on Elm Street Part 2: Freddy's Revenge,Robert Englund|Mark Patton|Kim Myers|Robert Rusler|Clu Gulager,Jack Sholder,87,Horror,New Line Cinema|Smart Egg Pictures,11/1/85,168,5.7,1985,6081498.15679926,60813386.1883095,8.999737666666674
9731,0.662175,Friday the 13th: A New Beginning,Melanie Kinnaman|John Shepherd|Shavar Ross|Richard Young|Marco St. John,Danny Steinmann,92,Horror|Thriller,Paramount Pictures|Georgetown Productions Inc.,3/22/85,82,5.2,1985,4459765.31498612,44456598.8816124,8.968371818181819
58882,0.263908,Snow Flower and the Secret Fan,Li Bingbing|Jun Ji-hyun|Hugh Jackman|Vivian Wu|Jiang Wu,Wayne Wang,104,History|Drama,IDG China Media,7/15/11,12,4.4,2011,129904.18469747,1291462.12367967,8.941651430916702
9040,0.50142,Serpico,Al Pacino|John Randolph Jones|Jack Kehoe|Biff McGuire|Barbara Eda-Young,Sidney Lumet,129,Crime|Drama|History,Paramount Pictures|De Laurentiis Entertainment Group|Artists Entertainment Complex,12/5/73,200,7.3,1973,14733478.7363979,146352555.448219,8.933333333333325
807,4.76535899999999,Se7en,Brad Pitt|Morgan Freeman|Gwyneth Paltrow|John C. McGinley|Kevin Spacey,David Fincher,127,Crime|Mystery|Thriller,New Line Cinema|Juno Pix|Cecchi Gori Pictures,9/22/95,3535,7.9,1995,47221906.6145298,468372425.440186,8.918541181818178
254470,3.877764,Pitch Perfect 2,Anna Kendrick|Rebel Wilson|Hailee Steinfeld|Brittany Snow|Skylar Astin,Elizabeth Banks,115,Comedy|Music,Universal Pictures|Gold Circle Films|Brownstone Productions,5/7/15,1264,6.8,2015,26679988.2608051,264505582.097543,8.914006689655164
89,3.536655,Indiana Jones and the Last Crusade,Harrison Ford|Sean Connery|Denholm Elliott|Alison Doody|John Rhys-Davies,Steven Spielberg,127,Adventure|Action,Lucasfilm|Paramount Pictures,5/24/89,2031,7.4,1989,84431277.0740763,834061065.27294,8.878579291666659
8355,3.154914,Ice Age: Dawn of the Dinosaurs,Ray Romano|John Leguizamo|Denis Leary|Queen Latifah|Simon Pegg,Carlos Saldanha,94,Animation|Comedy|Family|Adventure,Blue Sky Studios|Twentieth Century Fox Animation,6/29/09,1392,6.4,2009,91476039.0712458,901228865.731673,8.852075744444443
620,2.484654,Ghostbusters,Bill Murray|Dan Aykroyd|Sigourney Weaver|Harold Ramis|Rick Moranis,Ivan Reitman,107,Fantasy|Action|Comedy|Science Fiction|Family,Columbia Pictures Corporation|Delphi Films|Black Rhino Productions,6/7/84,1383,7.2,1984,62971261.1758245,619663378.727216,8.840415566666671
10222,0.94235,Kickboxer,Jean-Claude Van Damme|Dennis Alexio|Dennis Chan|Michel Qissi|Haskell V. Anderson III,Mark DiSalle|David Worth|Jean-Claude Van Damme,97,Action|Thriller,Kings Road Entertainment,4/20/89,139,6.2,1989,2638477.40856488,25851810.4440434,8.798003333333337
82693,3.931139,Silver Linings Playbook,Bradley Cooper|Jennifer Lawrence|Robert De Niro|Jacki Weaver|Chris Tucker,David O. Russell,122,Drama|Comedy|Romance,The Weinstein Company,9/8/12,3317,6.9,2012,19944629.9083971,195399167.074265,8.797081619047637
132232,1.054366,Mama,Jessica Chastain|Nikolaj Coster-Waldau|Megan Charpentier|Isabelle NÃ©lisse|Daniel Kash,Andy Muschietti,100,Horror,Universal Pictures|Toma 78|De Milo,1/17/13,931,6.0,2013,14040500.2911063,137126799.758128,8.766518066666647
1788,0.791148,Footloose,Kevin Bacon|John Lithgow|Dianne Wiest|Chris Penn|Lori Singer,Herbert Ross,107,Drama|Family|Music|Romance,Paramount Pictures|IndieProd Company Productions,2/17/84,282,6.0,1984,17212144.721392,167997673.421803,8.760414878048765
873,1.012186,The Color Purple,Whoopi Goldberg|Margaret Avery|Danny Glover|Akosua Busia|Oprah Winfrey,Steven Spielberg,154,Drama,Amblin Entertainment|The Guber-Peters Company|Warner Bros.,12/18/85,168,7.5,1985,30407490.7839963,296558194.362654,8.752800600000013
8408,0.689416,Day of the Dead,Lori Cardille|Terry Alexander|Joseph Pilato|Jarlath Conroy|Anthony Dileo Jr.,George A. Romero,102,Horror|Science Fiction,Dead Films|Laurel Entertainment|Toei,7/19/85,91,6.7,1985,7095081.18293247,68923645.7770583,8.714285714285719
1374,1.149954,Rocky IV,Sylvester Stallone|Talia Shire|Burt Young|Carl Weathers|Brigitte Nielsen,Sylvester Stallone,91,Drama,United Artists,11/21/85,517,6.6,1985,62842147.6202591,609110116.673542,8.69270051612903
76726,1.459325,Chronicle,Dane DeHaan|Alex Russell|Michael B. Jordan|Michael Kelly|Anna Wood,Josh Trank,84,Science Fiction|Drama|Thriller,Twentieth Century Fox Film Corporation|Dune Entertainment|Davis Entertainment|Adam Schroeder Productions,2/1/12,1165,6.5,2012,14246164.2202836,137712920.796075,8.66666666666668
10215,0.562005,Sliding Doors,Gwyneth Paltrow|John Hannah|John Lynch|Jeanne Tripplehorn,Peter Howitt,99,Comedy|Drama|Fantasy|Romance,Paramount Pictures|Miramax Films|Intermedia Films|Mirage Enterprises,4/23/98,196,6.4,1998,8026172.81446979,77586337.2065413,8.666666666666666
8696,0.289415,Calendar Girls,Helen Mirren|Julie Walters|John Alderton|Linda Bassett|Annette Crosbie,Nigel Cole,108,Comedy,Harbour Pictures|Touchstone Pictures,9/2/03,46,6.5,2003,11853526.4478252,114436384.9684,8.654205899999992
26388,0.740867,Buried,Ryan Reynolds|JosÃ© Luis GarcÃ­a PÃ©rez|Robert Paterson|Stephen Tobolowsky|Samantha Mathis,Rodrigo CortÃ©s,94,Drama|Thriller|Mystery,Studio 37|Versus Entertainment|The Safran Company|Dark Trick Films,9/24/10,458,6.5,2010,1987650.0,19152480.0,8.635740698815184
2770,2.116602,American Pie 2,Jason Biggs|Thomas Ian Nicholas|Chris Klein|Seann William Scott|Eddie Kaye Thomas,J.B. Rogers,108,Comedy|Romance,Universal Pictures|Liveplanet|Zide-Perry Productions,8/10/01,777,5.9,2001,36944643.5008153,354118835.155094,8.58511983333333
703,1.179653,Annie Hall,Woody Allen|Diane Keaton|Tony Roberts|Carol Kane|Paul Simon,Woody Allen,93,Comedy|Drama|Romance,United Artists,4/19/77,493,7.6,1977,14391124.1302814,137620251.333787,8.562856249999978
348,4.935897,Alien,Sigourney Weaver|Tom Skerritt|Veronica Cartwright|Harry Dean Stanton|John Hurt,Ridley Scott,117,Horror|Action|Thriller|Science Fiction,Twentieth Century-Fox Productions|Brandywine Productions,5/25/79,2724,7.6,1979,33050094.0275175,315273262.68425,8.539254636363623
16781,0.552267,Madea's Family Reunion,Tyler Perry|Blair Underwood|Lynn Whitfield|Boris Kodjoe|Lisa Arrindell,Tyler Perry,110,Drama|Comedy|Romance,Lions Gate Films,2/24/06,63,6.0,2006,6490014.94974943,61905574.3928239,8.538587333333336
801,1.011111,"Good Morning, Vietnam",Robin Williams|Forest Whitaker|Tung Thanh Tran|Chintara Sukapatana|Bruno Kirby,Barry Levinson,121,Comedy|Drama|War,Silver Screen Partners III|Touchstone Pictures,12/23/87,363,7.0,1987,24948045.6948404,237816996.10561,8.532490000000033
9762,3.206696,Step Up,Channing Tatum|Jenna Dewan|Damaine Radcliff|De'Shawn Washington|Mario,Anne Fletcher,104,Music|Drama|Romance|Crime,Summit Entertainment|Offspring Entertainment|Touchstone Pictures|Eketahuna LLC,8/11/06,619,6.7,2006,12980029.8994988,123521044.035724,8.516237249999982
11811,0.134756,Leprechaun,Warwick Davis|Jennifer Aniston|Ken Olandt|Mark Holton|Robert Hy Gorman,Mark Jones,92,Comedy|Horror|Thriller,Trimark Pictures,1/8/93,51,5.5,1993,1358522.96552883,12916443.8940581,8.507711111111131
13763,0.367406,Purple Rain,Prince|Apollonia Kotero|Morris Day|Olga Karlatos|Clarence Williams III,Albert Magnoli,111,Drama|Music|Romance,Warner Bros.|Water|Purple Films,7/27/84,39,6.9,1984,15113102.6821978,143559733.908638,8.499024583333345
817,1.560867,Austin Powers: The Spy Who Shagged Me,Mike Myers|Heather Graham|Michael York|Robert Wagner|Rob Lowe,Jay Roach,95,Crime|Adventure|Action|Comedy|Science Fiction,New Line Cinema|Eric's Boy,6/8/99,583,6.0,1999,43198743.9376126,407037004.698583,8.422426848484848
579,1.5627,Jaws 2,Roy Scheider|Lorraine Gary|Murray Hamilton|Joseph Mascolo|Jeffrey Kramer,Jeannot Szwarc,116,Horror|Thriller,Universal Pictures,6/16/78,179,5.5,1978,66854013.8982809,628040000.762135,8.394200349999997
41280,1.94717,Private Lessons,Sylvia Kristel|Howard Hesseman|Eric Brown|Meridith Baer|Pamela Jean Bryant,Alan Myerson,87,Romance|Comedy,Jensen Farley Pictures|Barry & Enright Productions,8/21/81,10,6.1,1981,6714934.25359908,63022056.1608322,8.385357142857139
120,8.575419,The Lord of the Rings: The Fellowship of the Ring,Elijah Wood|Ian McKellen|Viggo Mortensen|Liv Tyler|Orlando Bloom,Peter Jackson,178,Adventure|Fantasy|Action,WingNut Films|New Line Cinema|The Saul Zaentz Company,12/18/01,6079,7.8,2001,114528394.852527,1073079785.52895,8.369552301075258
37735,2.332359,Easy A,Emma Stone|Stanley Tucci|Amanda Bynes|Cam Gigandet|Lisa Kudrow,Will Gluck,92,Comedy,Screen Gems|Olive Bridge Entertainment,9/10/10,1303,6.6,2010,8000000.0,74952305.0,8.369038125
76203,3.625529,12 Years a Slave,Chiwetel Ejiofor|Michael Fassbender|Lupita Nyong'o|Benedict Cumberbatch|Paul Dano,Steve McQueen,134,Drama|History,Plan B Entertainment|Regency Enterprises|River Road Entertainment|Film4|New Regency Pictures,10/18/13,2241,7.9,2013,18720667.0548084,175038236.962459,8.350000000000025
350,3.03143,The Devil Wears Prada,Meryl Streep|Anne Hathaway|Emily Blunt|Stanley Tucci|Simon Baker,David Frankel,109,Comedy|Drama|Romance,Twentieth Century Fox Film Corporation|Dune Entertainment|Major Studio Partners|Peninsula Films|Fox 2000 Pictures,6/30/06,1773,7.0,2006,37858420.540205,353220246.986172,8.330031257142862
9367,0.548647999999999,El Mariachi,Carlos Gallardo|Jaime de Hoyos|Peter Marquardt|Reinol Martinez|Ramiro Gomez,Robert Rodriguez,81,Action|Crime|Thriller,Columbia Pictures,9/4/92,116,6.5,1992,341885.33600957,3171639.18167569,8.276909090909095
10021,0.397728,The Secret of My Success,Michael J. Fox|Helen Slater|Richard Jordan|Margaret Whitton|John Pankow,Herbert Ross,111,Comedy,Universal Pictures,4/10/87,63,5.7,1987,23028965.2567758,213011939.175129,8.24973991666667
57800,3.135776,Ice Age: Continental Drift,John Leguizamo|Ray Romano|Chris Wedge|Denis Leary|Seann William Scott,Steve Martino|Mike Thurmeier,88,Animation|Comedy|Adventure|Family,Blue Sky Studios|Twentieth Century Fox Animation,6/26/12,1920,6.2,2012,90225706.7284633,833158215.050597,8.234155599999998
597,4.355219,Titanic,Kate Winslet|Leonardo DiCaprio|Frances Fisher|Billy Zane|Kathy Bates,James Cameron,194,Drama|Romance|Thriller,Paramount Pictures|Twentieth Century Fox Film Corporation|Lightstorm Entertainment,11/18/97,4654,7.3,1997,271692064.214419,2506405735.41947,8.225170939999991
190859,3.863074,American Sniper,Bradley Cooper|Sienna Miller|Kyle Gallner|Cole Konis|Ben Reed,Clint Eastwood,134,War|Action,Village Roadshow Pictures|Malpaso Productions|Warner Bros.|RatPac-Dune Entertainment|Mad Chance Productions,12/11/14,3004,7.5,2014,54160153.7853618,499514514.092232,8.222915357142854
70160,2.571099,The Hunger Games,Jennifer Lawrence|Josh Hutcherson|Liam Hemsworth|Woody Harrelson|Elizabeth Banks,Gary Ross,142,Science Fiction|Adventure|Fantasy,Lionsgate|Color Force,3/12/12,7080,6.7,2012,71230821.1014184,656473401.936528,8.216142559999996
7442,0.446515,Sleeping with the Enemy,Julia Roberts|Patrick Bergin|Kevin Anderson|Elizabeth Lawrence|Kyle Secor,Joseph Ruben,99,Crime|Thriller,Twentieth Century Fox Film Corporation,2/8/91,114,6.1,1991,30420763.9966735,280189654.250405,8.210473947368438
12,3.440519,Finding Nemo,Albert Brooks|Ellen DeGeneres|Alexander Gould|Willem Dafoe|Brad Garrett,Andrew Stanton|Lee Unkrich,100,Animation|Family,Walt Disney Pictures|Pixar Animation Studios|Disney Enterprises,5/30/03,3692,7.4,2003,111423148.609557,1024886689.76997,8.198148702127623
943,1.574949,Lethal Weapon 3,Mel Gibson|Danny Glover|Joe Pesci|Rene Russo|Stuart Wilson,Richard Donner,118,Adventure|Action|Comedy|Thriller|Crime,Silver Pictures|Warner Bros.,5/15/92,468,6.1,1992,54390848.9106134,499978596.423941,8.192329342857143
1268,1.31484,Mr. Bean's Holiday,Rowan Atkinson|Max Baldry|Emma de Caunes|Willem Dafoe|Karel Roden,Steve Bendelack,90,Family|Comedy,Tiger Aspect Productions|Working Title Films,3/22/07,368,6.1,2007,26291714.5657886,241606495.273433,8.189453760000006
9728,0.336314,Friday the 13th Part III,Dana Kimmell|Paul Kratka|Tracie Savage|Jeffrey Rogers|Catherine Parks,Steve Miner,95,Horror|Thriller,Paramount Pictures,8/13/82,107,5.7,1982,9038569.6102049,82906431.1456454,8.172516749999998
11561,0.5684,Sleeper,Woody Allen|Diane Keaton|John Beck|Mary Gregory|Brian Avery,Woody Allen,89,Science Fiction|Comedy|Romance,Rollins-Joffe Productions,12/17/73,93,6.9,1973,9822319.15759862,90093891.5488274,8.172364499999992
130739,0.218221,Oh Boy,Tom Schilling|Marc Hosemann|Friederike Kempter|Justus von DohnÃ¡nyi|Katharina SchÃ¼ttler,Jan Ole Gerster,88,Comedy|Drama,Schiwago Film|ARTE|Hessischer Rundfunk (HR)|Chromosom Filmproduktion,7/3/12,73,7.1,2012,284923.284405673,2612057.95339604,8.167583333333331
10665,0.764367,The Strangers,Liv Tyler|Scott Speedman|Alex Fisher|Peter Clayton-Luce|Gemma Ward,Bryan Bertino,90,Thriller|Horror|Mystery,Rogue Pictures|Vertigo Entertainment,5/29/08,241,5.9,2008,9115079.7042825,83444650.400233,8.154571666666673
113947,0.591005,The Sessions,John Hawkes|Helen Hunt|William H. Macy|Moon Bloodgood|Annika Marks,Ben Lewin,98,Drama|Romance|Comedy,Rhino Films|Such Much Films,5/2/12,102,6.3,2012,949744.281352245,8679084.25656392,8.138338000000008
12535,0.560826,High Anxiety,Mel Brooks|Madeline Kahn|Cloris Leachman|Harvey Korman|Ron Carey,Mel Brooks,94,Comedy|Music,Twentieth Century Fox Film Corporation|Crossbow Productions,12/25/77,29,6.2,1977,12232455.5107391,111758008.930412,8.13618764705889
11804,0.463596,White Noise,Michael Keaton|Chandra West|Deborah Kara Unger|Ian McNeice|Keegan Connor Tracy,Geoffrey Sax,101,Drama|Horror|Thriller,Universal Pictures|Brightlight Pictures|Endgame Entertainment|The Movie Network (TMN)|Canadian Film or Video Production Tax Credit (CPTC),1/7/05,125,5.5,2005,11165632.8965449,101826573.603349,8.119641899999978
942,1.510501,Lethal Weapon 2,Mel Gibson|Danny Glover|Joe Pesci|Joss Ackland|Derrick O'Connor,Richard Donner,114,Action|Adventure|Comedy|Crime|Thriller,Silver Pictures|Warner Bros.,7/7/89,608,6.5,1989,43974623.4760814,400791729.674973,8.114159440000003
8681,3.647612,Taken,Liam Neeson|Famke Janssen|Maggie Grace|Katie Cassidy|Holly Valance,Pierre Morel,93,Action|Thriller|Crime,Twentieth Century Fox Film Corporation|M6 Films|Canal+|TPS Star|Grive Productions,2/18/08,3075,7.2,2008,25319665.8452291,229730967.409741,8.073222720000015
11624,0.400301,Everything You Always Wanted to Know About Sex *But Were Afraid to Ask,Woody Allen|John Carradine|Lou Jacobi|Louise Lasser|Anthony Quayle,Woody Allen,88,Comedy,United Artists,8/6/72,93,6.5,1972,10429121.8627245,93947041.9620932,8.008145000000079
984,0.885391,Dirty Harry,Clint Eastwood|Harry Guardino|Reni Santoni|John Vernon|Andrew Robinson,Don Siegel,102,Action|Crime|Thriller,Warner Bros.|Malpaso Company,12/22/71,300,7.2,1971,21540779.6577493,193737772.241797,7.993999999999991
10072,1.121083,A Nightmare on Elm Street 3: Dream Warriors,Robert Englund|Patricia Arquette|Heather Langenkamp|John Saxon|Craig Wasson,Chuck Russell,96,Horror|Thriller,New Line Cinema|Smart Egg Pictures,2/27/87,168,6.2,1987,9595402.19032326,85961796.0980872,7.9586444
38575,1.125831,The Karate Kid,Jaden Smith|Jackie Chan|Taraji P. Henson|Yu Rong-Guang|Tess Liu,Harald Zwart,140,Action|Adventure|Drama|Family,Columbia Pictures|Jerry Weintraub Productions|China Film Group|Overbrook Entertainment,6/10/10,1019,6.1,2010,40000000.0,357852395.0,7.946309875
15379,0.36224,Missing in Action,Chuck Norris|M. Emmet Walsh|David Tress|Lenore Kasdorf|James Hong,Joseph Zito,101,Action|Adventure|Thriller|War,Cannon Group,11/16/84,50,5.1,1984,5352557.19994508,47884209.7043751,7.946043529411778
74643,1.644472,The Artist,Jean Dujardin|BÃ©rÃ©nice Bejo|John Goodman|James Cromwell|Penelope Ann Miller,Michel Hazanavicius,100,Drama|Comedy|Romance,France 3 CinÃ©ma|La Petite Reine|Studio 37|uFilm|Jouror Productions,5/15/11,651,7.2,2011,14540970.638872,129349549.423789,7.895523733333331
1430,1.005772,Bowling for Columbine,Michael Moore|George H. W. Bush|George W. Bush|Dick Clark|Charlton Heston,Michael Moore,120,Documentary,Alliance Atlantis Communications|TiMe Film- und TV-Produktions GmbH|Vif Babelsberger Filmproduktion GmbH & Co. Zweite KG|Dog Eat Dog Films|Iconolatry Productions Inc.,10/9/02,235,7.2,2002,4849045.57448218,43113437.6023603,7.891118250000011
55721,2.208685,Bridesmaids,Kristen Wiig|Rose Byrne|Maya Rudolph|Wendi McLendon-Covey|Ellie Kemper,Paul Feig,125,Romance|Comedy,Universal Pictures|Relativity Media|Apatow Productions,4/28/11,1145,6.5,2011,31505436.3842228,279558422.711832,7.873339169230756
65057,0.808335999999999,The Descendants,George Clooney|Shailene Woodley|Amara Miller|Nick Krause|Robert Forster,Alexander Payne,115,Comedy|Drama,Fox Searchlight Pictures|Dune Entertainment|Ad Hominem Enterprises,9/9/11,590,6.6,2011,19387960.8518294,171819196.601678,7.862159250000011
650,0.649755,Boyz n the Hood,Laurence Fishburne|Cuba Gooding Jr.|Ice Cube|Morris Chestnut|Angela Bassett,John Singleton,112,Crime|Drama,Columbia Pictures Corporation,7/12/91,168,7.3,1991,10407103.4725462,92069353.2577596,7.846779846153862
71688,0.37054,The Iron Lady,Meryl Streep|Anthony Stewart Head|Harry Lloyd|Jim Broadbent|Susan Brown,Phyllida Lloyd,105,History|Drama,UK Film Council|Canal+|DJ Films|CinÃ©CinÃ©ma|PathÃ©,12/30/11,333,6.2,2011,12602174.5536891,111438798.993377,7.842823000000024
157547,1.227417,Oculus,Katee Sackhoff|Karen Gillan|Brenton Thwaites|James Lafferty|Rory Cochrane,Mike Flanagan,104,Horror,Intrepid Pictures|Blumhouse Productions|Relativity Media|WWE Studios|MICA Entertainment,9/8/13,665,6.2,2013,4680166.76370212,41213778.7853656,7.8060491999999915
672,6.012584,Harry Potter and the Chamber of Secrets,Daniel Radcliffe|Rupert Grint|Emma Watson|Kenneth Branagh|Richard Harris,Chris Columbus,161,Adventure|Fantasy|Family,1492 Pictures|Warner Bros.|Heyday Films|MIRACLE Productions GmbH & Co. KG,11/13/02,3458,7.2,2002,121226139.362054,1062775600.9604,7.766884820000035
2619,0.524253,Splash,Tom Hanks|Daryl Hannah|Eugene Levy|John Candy|Dody Goodman,Ron Howard,111,Comedy|Fantasy|Romance,Touchstone Pictures,3/9/84,147,6.1,1984,16792336.3135532,146557915.298616,7.72766675000001
20283,0.307429,Breaking Away,Dennis Quaid|Daniel Stern|Jackie Earle Haley|Dennis Christopher|Barbara Barrie,Peter Yates,100,Drama|Comedy,Twentieth Century Fox Film Corporation,5/24/79,34,7.2,1979,6910474.20575366,60091080.0500318,7.69565217391304
39781,0.68633,The Kids Are All Right,Julianne Moore|Annette Bening|Mark Ruffalo|Mia Wasikowska|Josh Hutcherson,Lisa Cholodenko,106,Comedy|Drama,Mandalay Vision|10th Hole Productions|Gilbert Films|Focus Features|Saint Aire Production,7/9/10,280,6.4,2010,4000000.0,34705850.0,7.6764625
509,1.72385,Notting Hill,Julia Roberts|Hugh Grant|Gina McKee|Tim McInnerny|Rhys Ifans,Roger Michell,124,Comedy,Bookshop Productions|Notting Hill Pictures|Working Title Films|Polygram Filmed Entertainment,5/13/99,688,6.8,1999,54980219.5569615,476350818.832191,7.664039952380953
275,2.775756,Fargo,William H. Macy|Frances McDormand|Steve Buscemi|Peter Stormare|Kristin RudrÃ¼d,Joel Coen,98,Crime|Drama|Thriller,PolyGram Filmed Entertainment|Working Title Films,4/5/96,1093,7.6,1996,9731517.17272177,84263782.2264404,7.658853571428574
9326,0.991867,Romancing the Stone,Michael Douglas|Kathleen Turner|Danny DeVito|Alfonso ArÃ¡u|Manuel Ojeda,Robert Zemeckis,106,Action|Adventure|Comedy|Romance,Twentieth Century Fox Film Corporation|SLM Production Group|Nina Saxon Film Design|El Corazon Producciones S.A.,3/30/84,245,6.3,1984,20990420.3919415,181718766.989121,7.657223799999987
11395,1.259399,The Santa Clause,Tim Allen|Judge Reinhold|Wendy Crewson|David Krumholtz|Peter Boyle,John Pasquin,97,Fantasy|Drama|Comedy|Family,Walt Disney Pictures|Hollywood Pictures,11/10/94,274,6.3,1994,32364454.3551595,279266046.259691,7.628788954545461
268238,0.832487,The Second Best Exotic Marigold Hotel,Dev Patel|Judi Dench|Richard Gere|Maggie Smith|Bill Nighy,John Madden,122,Drama|Comedy,Participant Media|Fox Searchlight|Blueprint Pictures,2/26/15,196,6.4,2015,9199995.95200178,79099969.9160132,7.597826599999997
10747,0.597297,The Outlaw Josey Wales,Clint Eastwood|Chief Dan George|Sondra Locke|Bill McKinney|John Vernon,Clint Eastwood,135,Drama|Western,Warner Bros.|Malpaso Company,6/30/76,135,7.1,1976,14177282.7053627,121847997.305549,7.594594594594545
409,1.044304,The English Patient,Ralph Fiennes|Juliette Binoche|Willem Dafoe|Kristin Scott Thomas|Naveen Andrews,Anthony Minghella,162,Drama|Romance|War,Tiger Moth Productions|Miramax,11/14/96,287,6.9,1996,37535851.9519268,322497509.079157,7.591719444444433
7520,1.079886,Cocktail,Tom Cruise|Bryan Brown|Elisabeth Shue|Lisa Banes|Kelly Lynch,Roger Donaldson,104,Drama|Romance,Touchstone Pictures,7/29/88,175,5.5,1988,36877820.4618061,316236126.102969,7.575239050000007
10890,0.435412,Stripes,Bill Murray|Harold Ramis|Warren Oates|P.J. Soles|Sean Young,Ivan Reitman,106,Action|Comedy,Columbia Pictures Industries,6/25/81,108,6.5,1981,23981908.0485681,204565675.654286,7.530000000000005
109445,6.112766,Frozen,Kristen Bell|Idina Menzel|Jonathan Groff|Josh Gad|Santino Fontana,Chris Buck|Jennifer Lee,102,Animation|Adventure|Family,Walt Disney Pictures|Walt Disney Animation Studios,11/27/13,3369,7.5,2013,140405002.911063,1192711491.11985,7.494793393333366
8363,1.776713,Superbad,Jonah Hill|Michael Cera|Christopher Mintz-Plasse|Bill Hader|Seth Rogen,Greg Mottola,113,Comedy,Columbia Pictures|Apatow Productions,8/17/07,1325,7.0,2007,21033371.6526309,178637114.288716,7.4930327500000065
43933,0.827664,Monsters,Whitney Able|Scoot McNairy|Annalee Jefferies|Kevon Kane|Fernando Lara,Gareth Edwards,94,Drama|Thriller|Science Fiction,Vertigo Entertainment,6/18/10,328,6.3,2010,500000.0,4242978.0,7.485956
